id,code,name,supplier,image_path,image_count,has_y_source,y_file_count,y_paths,review_status
542,6315Y,Gạch 300X600 Giả Thẻ Đen Mờ,Innomat,https://sbphnbtbetilifomsysa.supabase.co/storage/v1/object/public/crm-images/crm/ae5113d358161935f43172d3ded501b26deee86128f679e86d41b9f651832b04.webp,4,yes,1,GẠCH 30X60\BỘ CERAMIC 300X600 (12 MÀU)\6315Y.jpg,
531,6861LV,Gạch 300X600 Giả Thẻ Xanh Mint Mờ,Innomat,https://sbphnbtbetilifomsysa.supabase.co/storage/v1/object/public/crm-images/crm/f75eb3b9642f4f4a8dd3eef2e149fa319c0b943d12872352de9928c00cbf3061.webp,2,no,0,,
1938,IC61201,Gạch 600x1200mm Bóng,Á Châu,https://sbphnbtbetilifomsysa.supabase.co/storage/v1/object/public/crm-images/crm/4bbe9921e2372dc4ff19e9b75c3db16643344ff209909292edde8ae6331aece6.webp,1,yes,2,Gạch Á Châu\IC61201.png || Gạch Á Châu\Kích thước nhỏ\IC61201.jpeg,
1939,IC61202,Gạch 600x1200mm Mờ,Á Châu,https://sbphnbtbetilifomsysa.supabase.co/storage/v1/object/public/crm-images/crm/fa39a2bec9393722ac8af87b430daa757017dcce5640729d2198bf05b9f6a119.webp,1,yes,2,Gạch Á Châu\IC61202.png || Gạch Á Châu\Kích thước nhỏ\IC61202.jpeg,
1940,IC61203,Gạch 600x1200mm Mờ,Á Châu,https://sbphnbtbetilifomsysa.supabase.co/storage/v1/object/public/crm-images/crm/b358d1b1dab770b76a6bbeba14ca7bd7d8b59be8b120209f180835c4c6321a69.webp,1,no,0,,
1941,IC61204,Gạch 600x1200mm Mờ,Á Châu,https://sbphnbtbetilifomsysa.supabase.co/storage/v1/object/public/crm-images/crm/19f4ed28541964a0f4df376c41021ff68ae79182b236fb11f28ff3ac84c7172e.webp,1,no,0,,
1942,IC61205,Gạch 600x1200mm Mờ,Á Châu,https://sbphnbtbetilifomsysa.supabase.co/storage/v1/object/public/crm-images/crm/0625c2f8fb0b1f0cb762b0f1b1138a68b831a29f35486e02c6c5154451b729a2.webp,1,yes,2,Gạch Á Châu\IC61205.png || Gạch Á Châu\Kích thước nhỏ\IC61205.jpeg,
1943,IC61206,Gạch 600x1200mm Mờ,Á Châu,https://sbphnbtbetilifomsysa.supabase.co/storage/v1/object/public/crm-images/crm/52d6facf7b9e7a5f3a9ec9e69d724f075bc138103bbb8dbd391e4d8b2c4438eb.webp,1,yes,2,Gạch Á Châu\IC61206.png || Gạch Á Châu\Kích thước nhỏ\IC61206.jpeg,
1944,IC61207,Gạch 600x1200mm Mờ,Á Châu,https://sbphnbtbetilifomsysa.supabase.co/storage/v1/object/public/crm-images/crm/8597aa2fa5bb31e9d57e3fcac6d121c187b9e566c02da00efab913275a275cf7.webp,1,yes,2,Gạch Á Châu\IC61207.png || Gạch Á Châu\Kích thước nhỏ\IC61207.jpeg,
1945,IC61208,Gạch 600x1200mm Mờ,Á Châu,https://sbphnbtbetilifomsysa.supabase.co/storage/v1/object/public/crm-images/crm/d4142082357fd09d91669b496178fe30a5dad1ec67b99c7adae10421d0118c5d.webp,1,yes,2,Gạch Á Châu\IC61208.png || Gạch Á Châu\Kích thước nhỏ\IC61208.jpeg,
1946,IC61209,Gạch 600x600mm Mờ,Á Châu,https://sbphnbtbetilifomsysa.supabase.co/storage/v1/object/public/crm-images/crm/e6fb3b75dcebcbb38f293048a44f1d938d1e3137d5c843f2720d89fcf1591345.webp,5,yes,9,Gạch Á Châu\IC61209 - 1.jpg || Gạch Á Châu\IC61209 - 2.jpg || Gạch Á Châu\IC61209.jpg || Gạch Á Châu\Kích thước nhỏ\IC61209 - 1.jpg || Gạch Á Châu\Kích thước nhỏ\IC61209 - 2.jpg || Gạch Á Châu\Kích thước nhỏ\IC61209.jpg || Gạch Á Châu\hình raw\IC61209-1.jpg || Gạch Á Châu\hình raw\IC61209.jpg || Gạch Á Châu\hình raw\IC61209_2.jpg,
1947,IC61210,Gạch 600x600mm Mờ,Á Châu,https://sbphnbtbetilifomsysa.supabase.co/storage/v1/object/public/crm-images/crm/5136761ed49702a2f5e90c723a1555ba3c9b98f359c198bc96a6aaf943440df4.webp,3,yes,9,Gạch Á Châu\IC61210 - 1.jpg || Gạch Á Châu\IC61210 - 2.jpg || Gạch Á Châu\IC61210.jpg || Gạch Á Châu\Kích thước nhỏ\IC61210 - 1.jpg || Gạch Á Châu\Kích thước nhỏ\IC61210 - 2.jpg || Gạch Á Châu\Kích thước nhỏ\IC61210.jpg || Gạch Á Châu\hình raw\IC61210 - 1.jpg || Gạch Á Châu\hình raw\IC61210 - 2.jpg || Gạch Á Châu\hình raw\IC61210.jpg,
1948,IC61215,Gạch 600x1200mm Mờ,Á Châu,https://sbphnbtbetilifomsysa.supabase.co/storage/v1/object/public/crm-images/crm/886e8655ad0800573dbee8b6b6c8563b423368dab86df29fec45091c54f69d5c.webp,1,no,0,,
1949,IC61216,Gạch 600x1200mm Mờ,Á Châu,https://sbphnbtbetilifomsysa.supabase.co/storage/v1/object/public/crm-images/crm/d9baa95635bf3bfaeeae0d6a88a18e693f07a6d8a5a22814bc3234b36dc41160.webp,1,no,0,,
1951,IC61218,Gạch 600x1200mm Mờ,Á Châu,https://sbphnbtbetilifomsysa.supabase.co/storage/v1/object/public/crm-images/crm/de2ed40f6b048074fc161e1514c1f368df697ace33b98533e89312aab555a7b0.webp,1,yes,2,Gạch Á Châu\IC61218 (1).jpg || Gạch Á Châu\IC61218 (2).jpg,
1952,IC61219,Gạch 600x1200mm Mờ,Á Châu,https://sbphnbtbetilifomsysa.supabase.co/storage/v1/object/public/crm-images/crm/fa08665029ee47ecc10b0fb77ea30576c680a08854505056d6dfbd417c6caa5c.webp,1,no,0,,
1953,IC61220,Gạch 600x1200mm Mờ,Á Châu,https://sbphnbtbetilifomsysa.supabase.co/storage/v1/object/public/crm-images/crm/9400c2efaac562bdf74c3921420a335039830bd509358d70271ddf439924ef5b.webp,1,yes,2,Gạch Á Châu\IC61220 (1).jpg || Gạch Á Châu\IC61220 (2).jpg,
1954,IC61221,Gạch 600x1200mm Mờ,Á Châu,https://sbphnbtbetilifomsysa.supabase.co/storage/v1/object/public/crm-images/crm/adf7595871addaf0cd56151fe26e8d9a384fa66d18b5e98d7936a45509f9f2c3.webp,1,yes,2,Gạch Á Châu\IC61221 (1).jpg || Gạch Á Châu\IC61221 (2).jpg,
1955,IC61222,Gạch 600x1200mm Mờ,Á Châu,https://sbphnbtbetilifomsysa.supabase.co/storage/v1/object/public/crm-images/crm/733a0414ad958e73e78a932879763e5593e668da027cc97632b9db50b58946ca.webp,1,yes,2,Gạch Á Châu\IC61222 (1).jpg || Gạch Á Châu\IC61222 (2).jpg,
1956,IC61223,Gạch 600x1200mm Mờ,Á Châu,https://sbphnbtbetilifomsysa.supabase.co/storage/v1/object/public/crm-images/crm/fe3fff1d6b4caa00f092f1be6d308bce4635bee84cff7d9d361bb2c5c7b88880.webp,1,yes,2,Gạch Á Châu\IC61223 (1).jpg || Gạch Á Châu\IC61223 (2).jpg,
1957,IC61224,Gạch 600x1200mm Mờ,Á Châu,https://sbphnbtbetilifomsysa.supabase.co/storage/v1/object/public/crm-images/crm/13eb346227f3aefcc0af020122bc10be0f337bc1bd89bf5f318f60bab188737b.webp,1,yes,2,Gạch Á Châu\IC61224 (1).jpg || Gạch Á Châu\IC61224 (2).jpg,
1958,IC61225,Gạch 600x1200mm Mờ,Á Châu,https://sbphnbtbetilifomsysa.supabase.co/storage/v1/object/public/crm-images/crm/0e783a70520facb7f85135d2dfe4267b19438ea1bc2c9c260c5d5f3c1d333436.webp,1,no,0,,
1959,IC612BA-F,Gạch 600x1200mm Vân nổi,Á Châu,https://sbphnbtbetilifomsysa.supabase.co/storage/v1/object/public/crm-images/crm/b84cc53ac56cbe2198618d69093d415e82ff97d4c50c9d770a04a8cf5b2522fe.webp,1,yes,2,Gạch Á Châu\IC612BA-F.png || Gạch Á Châu\Kích thước nhỏ\IC612BA-F.jpeg,
1960,IC612BA-MF,Gạch 600x1200mm Vân nổi,Á Châu,https://sbphnbtbetilifomsysa.supabase.co/storage/v1/object/public/crm-images/crm/c47fa9f101a44488a29d199f027d5cd8a3533816112ea3ca370bdc1eb8a9d2db.webp,1,yes,2,Gạch Á Châu\IC612BA-MF.png || Gạch Á Châu\Kích thước nhỏ\IC612BA-MF.jpeg,
1961,IC6601,Gạch 600x600mm Mờ,Á Châu,https://sbphnbtbetilifomsysa.supabase.co/storage/v1/object/public/crm-images/crm/fe988c5c976653cede9729c1ea49856c49783d1b0c8c1b18401b2fa7d591bad6.webp,1,yes,2,Gạch Á Châu\IC6601.png || Gạch Á Châu\Kích thước nhỏ\IC6601.jpeg,
1962,IC6602,Gạch 600x600mm Mờ,Á Châu,https://sbphnbtbetilifomsysa.supabase.co/storage/v1/object/public/crm-images/crm/48571491f1013292ecf060a4370a9ad88d316dc26e877bcfe4eda20c028ee8f6.webp,1,yes,2,Gạch Á Châu\IC6602.png || Gạch Á Châu\Kích thước nhỏ\IC6602.jpeg,
1963,IC6603,Gạch 600x600mm Mờ,Á Châu,https://sbphnbtbetilifomsysa.supabase.co/storage/v1/object/public/crm-images/crm/65d570d684ac8c3f18e976df1c09d5245eee173deb80badf801eda86c218e5a0.webp,1,yes,2,Gạch Á Châu\IC6603.png || Gạch Á Châu\Kích thước nhỏ\IC6603.jpeg,
1964,IC6604,Gạch 600x600mm Mờ,Á Châu,https://sbphnbtbetilifomsysa.supabase.co/storage/v1/object/public/crm-images/crm/b71e2fc0fcc037fae0c11745c24782e77b77d13e88ba751f41fc35cd1d901358.webp,1,yes,2,Gạch Á Châu\IC6604.png || Gạch Á Châu\Kích thước nhỏ\IC6604.jpeg,
1965,IC6605,Gạch 600x600mm Mờ,Á Châu,https://sbphnbtbetilifomsysa.supabase.co/storage/v1/object/public/crm-images/crm/2bff32c1cd484ff5c6ff7168571ccb8cde36e1d6d102c18f3a3b8b4e2bee1483.webp,1,yes,4,Gạch Á Châu\IC6605 (1).jpg || Gạch Á Châu\IC6605 (2).jpg || Gạch Á Châu\IC6605.png || Gạch Á Châu\Kích thước nhỏ\IC6605.jpeg,
1966,IC6606,Gạch 600x600mm Mờ,Á Châu,https://sbphnbtbetilifomsysa.supabase.co/storage/v1/object/public/crm-images/crm/70d8af673082ffb47bdcbac746127a9f520456526ff2f6706d81828742f776cb.webp,1,yes,2,Gạch Á Châu\IC6606.png || Gạch Á Châu\Kích thước nhỏ\IC6606.jpeg,
1967,IC6607,Gạch 600x600mm Mờ,Á Châu,https://sbphnbtbetilifomsysa.supabase.co/storage/v1/object/public/crm-images/crm/bb5edb3974f77f21e4272e0d4df6246f0c6f77ebdb7ca6642d5b6cc1634e7ffa.webp,1,yes,2,Gạch Á Châu\IC6607.png || Gạch Á Châu\Kích thước nhỏ\IC6607.jpeg,
1968,IC6609,Gạch 600x600mm Mờ,Á Châu,https://sbphnbtbetilifomsysa.supabase.co/storage/v1/object/public/crm-images/crm/9c6f7ab22cc6a85dcfac8ecd1bb1621b846976dd4b11fb76417f2cec0e148ab9.webp,1,yes,2,Gạch Á Châu\IC6609.png || Gạch Á Châu\Kích thước nhỏ\IC6609.jpeg,
1969,IC6613,Gạch 600x600mm Mờ,Á Châu,https://sbphnbtbetilifomsysa.supabase.co/storage/v1/object/public/crm-images/crm/549cdf171c0822a3e86273989a0e33454a9f6cea38347b8c57abfa118981a0a5.webp,1,no,0,,
1970,IC6614,Gạch 600x600mm Mờ,Á Châu,https://sbphnbtbetilifomsysa.supabase.co/storage/v1/object/public/crm-images/crm/ad48659b40464b04b8dc2e8d1a60fb098693fa594fa44c56f3b8b15fd40600e2.webp,1,yes,2,Gạch Á Châu\IC6614.png || Gạch Á Châu\Kích thước nhỏ\IC6614 lớn.jpeg,
1971,IC6615,Gạch 600x600mm Mờ,Á Châu,https://sbphnbtbetilifomsysa.supabase.co/storage/v1/object/public/crm-images/crm/e92ce2a9d37e92ccf3df7e1b8a4be7514479b7696fc643c5ca90c3a0b24a4bed.webp,1,yes,2,Gạch Á Châu\IC6615.png || Gạch Á Châu\Kích thước nhỏ\IC6615 lớn.jpeg,
1972,IC6616,Gạch 600x600mm Bán bóng,Á Châu,https://sbphnbtbetilifomsysa.supabase.co/storage/v1/object/public/crm-images/crm/d264b865e66ef1b46232646288ff7e699c4332c86a8c254921ce267e87c252f0.webp,1,yes,2,Gạch Á Châu\IC6616.png || Gạch Á Châu\Kích thước nhỏ\IC6616 lớn.jpeg,
1973,IC6617,Gạch 600x600mm Bán bóng,Á Châu,https://sbphnbtbetilifomsysa.supabase.co/storage/v1/object/public/crm-images/crm/d3452d3e9d654775f2030ee50b7e4446a2009c7c6809adba6138f1737d069483.webp,1,no,0,,
1974,IC6618,Gạch 600x600mm Mờ,Á Châu,https://sbphnbtbetilifomsysa.supabase.co/storage/v1/object/public/crm-images/crm/dc9fa955fadb2b2f3163b2d8d4037e704912b3c5599fbf104338021199a4fb8b.webp,5,yes,11,gạch ốp lát - tháng 10\IC6618 (1).jpg || gạch ốp lát - tháng 10\IC6618 (2).jpg || gạch ốp lát - tháng 10\IC6618 (3).jpg || gạch ốp lát - tháng 10\IC6618.jpg || Gạch Á Châu\IC6618 (1).jpg || Gạch Á Châu\IC6618 (2).jpg || Gạch Á Châu\IC6618 (3).jpg || Gạch Á Châu\IC6618 (4).jpg || Gạch Á Châu\hình raw\IC6618 - 1.jpg || Gạch Á Châu\hình raw\IC6618 - 2.jpg || Gạch Á Châu\hình raw\IC6618.jpg,
1975,IC6619,Gạch 600x600mm Mờ,Á Châu,https://sbphnbtbetilifomsysa.supabase.co/storage/v1/object/public/crm-images/crm/36c6b6f85cf3abc8e00744b68dd1cdd1b222a049a186d9f51226791a1763dfe9.webp,4,yes,8,gạch ốp lát - tháng 10\IC6619 (1).jpg || gạch ốp lát - tháng 10\IC6619 (2).jpg || gạch ốp lát - tháng 10\IC6619 (3).jpg || gạch ốp lát - tháng 10\IC6619.jpg || Gạch Á Châu\IC6619 (1).jpg || Gạch Á Châu\IC6619 (2).jpg || Gạch Á Châu\IC6619 (3).jpg || Gạch Á Châu\IC6619.jpg,
1976,IC6621,Gạch 600x600mm Mờ,Á Châu,https://sbphnbtbetilifomsysa.supabase.co/storage/v1/object/public/crm-images/crm/0a12b7d40d9ac6d3762d93d649a87efb7593c0769149a7ed0d783cd55aca02a7.webp,6,yes,12,Gạch Á Châu\IC6621 (1).jpg || Gạch Á Châu\IC6621 (2).jpg || Gạch Á Châu\IC6621 (3).jpg || Gạch Á Châu\PC IC6621\IC6621 (1).jpg || Gạch Á Châu\PC IC6621\IC6621 (1).png || Gạch Á Châu\PC IC6621\IC6621 (2).jpg || Gạch Á Châu\PC IC6621\IC6621 (2).png || Gạch Á Châu\PC IC6621\IC6621 (3).jpg || Gạch Á Châu\PC IC6621\IC6621 (3).png || Gạch Á Châu\PC IC6621\IC6621 (4).jpg || Gạch Á Châu\PC IC6621\IC6621 (5).jpg || Gạch Á Châu\PC IC6621\IC6621 (6).jpg,
1977,IC6622,Gạch 600x600mm Mờ,Á Châu,https://sbphnbtbetilifomsysa.supabase.co/storage/v1/object/public/crm-images/crm/71a15b8c27dcf18f1da1f505e13268feac0d48501a8fdadfb176752a3f5edd97.webp,1,no,0,,
1978,IC6623,Gạch 600x600mm Bán bóng,Á Châu,https://sbphnbtbetilifomsysa.supabase.co/storage/v1/object/public/crm-images/crm/20bb0cb343b45f38d7a2c19b8a3f2d0866a322889b3bd736ea0e45b61ff90cf2.webp,1,no,0,,
1979,IC6624,Gạch 600x600mm Bán bóng,Á Châu,https://sbphnbtbetilifomsysa.supabase.co/storage/v1/object/public/crm-images/crm/16b9a5840e3b94b02215a98ad233e2fa1ca940233c04119dd27611eb065c52b8.webp,1,no,0,,
1981,IC6626,Gạch 600x600mm Mờ,Á Châu,https://sbphnbtbetilifomsysa.supabase.co/storage/v1/object/public/crm-images/crm/0293f85c108ba906af3db1a9b19322a3bafc4fce8080e1e388f52701fca2dcc3.webp,1,no,0,,
1982,IC6627,Gạch 600x600mm Mờ,Á Châu,https://sbphnbtbetilifomsysa.supabase.co/storage/v1/object/public/crm-images/crm/95b2ce10d287dfa4289adb204d3adee7b5f611ed33665f00b5fbef9560f7daa9.webp,1,no,0,,
1983,IC6628,Gạch 600x600mm Mờ,Á Châu,https://sbphnbtbetilifomsysa.supabase.co/storage/v1/object/public/crm-images/crm/3c88dd27411680e78e082a659b08c7191f361af5760c198a56aba445ac9f91b3.webp,1,no,0,,
1984,IC6629,Gạch 600x600mm Mờ,Á Châu,https://sbphnbtbetilifomsysa.supabase.co/storage/v1/object/public/crm-images/crm/a28d3b3fefd60a0c47d72b2187829d29c7260dab70d53a0d1ba76af91076b93b.webp,1,no,0,,
1985,IC6630,Gạch 600x600mm Mờ,Á Châu,https://sbphnbtbetilifomsysa.supabase.co/storage/v1/object/public/crm-images/crm/3752978012f2f087ea6703f9b3ec130a5b169a0c4771015a457a7927211781a1.webp,2,yes,9,Gạch Á Châu\IC6630 (1).jpg || Gạch Á Châu\IC6630 (2).jpg || Gạch Á Châu\mới 7.2026\IC6630 (1).jpg || Gạch Á Châu\mới 7.2026\IC6630 (2).jpg || Gạch Á Châu\mới 7.2026\IC6630 (3).jpg || Gạch Á Châu\mới 7.2026\IC6630 (4).jpg || Gạch Á Châu\mới 7.2026\IC6630 (5).jpg || Gạch Á Châu\mới 7.2026\IC6630 (6).jpg || Gạch Á Châu\mới 7.2026\IC6630 (7).jpg,
1986,IC6631,Gạch 600x600mm Mờ,Á Châu,https://sbphnbtbetilifomsysa.supabase.co/storage/v1/object/public/crm-images/crm/f40467a505266df2d5639b004fe4e46f73582422d2a30d365bf78b32456e2c57.webp,2,yes,7,Gạch Á Châu\mới 7.2026\IC6631 (1).jpg || Gạch Á Châu\mới 7.2026\IC6631 (2).jpg || Gạch Á Châu\mới 7.2026\IC6631 (3).jpg || Gạch Á Châu\mới 7.2026\IC6631 (4).jpg || Gạch Á Châu\mới 7.2026\IC6631 (5).jpg || Gạch Á Châu\mới 7.2026\IC6631 (6).jpg || Gạch Á Châu\mới 7.2026\IC6631 (7).jpg,
1987,IC6632,Gạch 600x600mm Mờ,Á Châu,https://sbphnbtbetilifomsysa.supabase.co/storage/v1/object/public/crm-images/crm/86f16aaac39b60ea96fc9e673f1b29b66e4432843006659ff23e17fc2ac90b1d.webp,2,yes,9,Gạch Á Châu\IC6632 (1).jpg || Gạch Á Châu\IC6632 (2).jpg || Gạch Á Châu\mới 7.2026\IC6632 (1).jpg || Gạch Á Châu\mới 7.2026\IC6632 (2).jpg || Gạch Á Châu\mới 7.2026\IC6632 (3).jpg || Gạch Á Châu\mới 7.2026\IC6632 (4).jpg || Gạch Á Châu\mới 7.2026\IC6632 (5).jpg || Gạch Á Châu\mới 7.2026\IC6632 (6).jpg || Gạch Á Châu\mới 7.2026\IC6632 (7).jpg,
1988,IC6633,Gạch 600x600mm Mờ,Á Châu,https://sbphnbtbetilifomsysa.supabase.co/storage/v1/object/public/crm-images/crm/5e94c23fea1e11181ddcb922844287760f515b910979827a1ed1378784a70e88.webp,2,yes,9,Gạch Á Châu\IC6633 (1).jpg || Gạch Á Châu\IC6633 (2).jpg || Gạch Á Châu\mới 7.2026\IC6633 (1).jpg || Gạch Á Châu\mới 7.2026\IC6633 (2).jpg || Gạch Á Châu\mới 7.2026\IC6633 (3).jpg || Gạch Á Châu\mới 7.2026\IC6633 (4).jpg || Gạch Á Châu\mới 7.2026\IC6633 (5).jpg || Gạch Á Châu\mới 7.2026\IC6633 (6).jpg || Gạch Á Châu\mới 7.2026\IC6633 (7).jpg,
1989,IC6634,Gạch 600x600mm Mờ,Á Châu,https://sbphnbtbetilifomsysa.supabase.co/storage/v1/object/public/crm-images/crm/718dc358920f94a2b7ef345bf4e83670e78d0dcbad8634707b2106499543bbe1.webp,2,yes,9,Gạch Á Châu\IC6634 (1).jpg || Gạch Á Châu\IC6634 (2).jpg || Gạch Á Châu\mới 7.2026\IC6634 (1).jpg || Gạch Á Châu\mới 7.2026\IC6634 (2).jpg || Gạch Á Châu\mới 7.2026\IC6634 (3).jpg || Gạch Á Châu\mới 7.2026\IC6634 (4).jpg || Gạch Á Châu\mới 7.2026\IC6634 (5).jpg || Gạch Á Châu\mới 7.2026\IC6634 (6).jpg || Gạch Á Châu\mới 7.2026\IC6634 (7).jpg,
1990,IC6635,Gạch 600x600mm Mờ,Á Châu,https://sbphnbtbetilifomsysa.supabase.co/storage/v1/object/public/crm-images/crm/5aa7a5dc22f352829e403643038d72610dadfbda3776dff61ba4a1a22ffdeab0.webp,6,yes,9,Gạch Á Châu\IC6635 (1).jpg || Gạch Á Châu\IC6635 (2).jpg || Gạch Á Châu\mới 7.2026\IC6635 (1).jpg || Gạch Á Châu\mới 7.2026\IC6635 (2).jpg || Gạch Á Châu\mới 7.2026\IC6635 (3).jpg || Gạch Á Châu\mới 7.2026\IC6635 (4).jpg || Gạch Á Châu\mới 7.2026\IC6635 (5).jpg || Gạch Á Châu\mới 7.2026\IC6635 (6).jpg || Gạch Á Châu\mới 7.2026\IC6635 (7).jpg,
1991,IC6636,Gạch 600x600mm Mờ,Á Châu,https://sbphnbtbetilifomsysa.supabase.co/storage/v1/object/public/crm-images/crm/5f4ff0524aa9384d0b25ed349b499ce65074884b0259cc5cd26bc21098ba6834.webp,7,yes,9,Gạch Á Châu\IC6636 (1).jpg || Gạch Á Châu\IC6636 (2).jpg || Gạch Á Châu\mới 7.2026\IC6636 (1).jpg || Gạch Á Châu\mới 7.2026\IC6636 (2).jpg || Gạch Á Châu\mới 7.2026\IC6636 (3).jpg || Gạch Á Châu\mới 7.2026\IC6636 (4).jpg || Gạch Á Châu\mới 7.2026\IC6636 (5).jpg || Gạch Á Châu\mới 7.2026\IC6636 (6).jpg || Gạch Á Châu\mới 7.2026\IC6636 (7).jpg,
1992,IC6637,Gạch 600x600mm Mờ,Á Châu,https://sbphnbtbetilifomsysa.supabase.co/storage/v1/object/public/crm-images/crm/a956aafee308801a282fce728f12bf181b5016af5614e1c6389a5903b4239b8c.webp,2,yes,4,Gạch Á Châu\IC6637 (1).jpg || Gạch Á Châu\IC6637 (2).jpg || Gạch Á Châu\mới 7.2026\IC6637 (1).jpg || Gạch Á Châu\mới 7.2026\IC6637 (2).jpg,
1993,IC6638,Gạch 600x600mm Mờ,Á Châu,https://sbphnbtbetilifomsysa.supabase.co/storage/v1/object/public/crm-images/crm/e1531c2a3e1a4c79565a239cde4c98037f3997f5eee82c890c9b199c7cb966e7.webp,2,yes,4,Gạch Á Châu\IC6638 (1).jpg || Gạch Á Châu\IC6638 (2).jpg || Gạch Á Châu\mới 7.2026\IC6638 (1).jpg || Gạch Á Châu\mới 7.2026\IC6638 (2).jpg,
1994,IC8801,Gạch 800x800mm Mờ,Á Châu,https://sbphnbtbetilifomsysa.supabase.co/storage/v1/object/public/crm-images/crm/fa9cc12bdf298b0ff5f031f7e63b892103f84d874a1267c806d3b30041182fbc.webp,1,yes,2,Gạch Á Châu\IC8801.png || Gạch Á Châu\Kích thước nhỏ\IC8801.jpeg,
1995,IC8802,Gạch 800x800mm Mờ,Á Châu,https://sbphnbtbetilifomsysa.supabase.co/storage/v1/object/public/crm-images/crm/59fc5e88389a34cd6c5c1e4e63c9d3bb601025cb02de2d10c7e8333731fe65ed.webp,1,yes,2,Gạch Á Châu\IC8802.png || Gạch Á Châu\Kích thước nhỏ\IC8802.jpeg,
1996,IC8803,Gạch 800x800mm Mờ,Á Châu,https://sbphnbtbetilifomsysa.supabase.co/storage/v1/object/public/crm-images/crm/b9f96954eec075a21bf6016c36641e4b53db6d6dd9225a8d1e48f0b49e2b8808.webp,1,yes,2,Gạch Á Châu\IC8803.png || Gạch Á Châu\Kích thước nhỏ\IC8803.jpeg,
1819,IG15901,Gạch 150x900mm Mờ,Kiệt Anh,https://sbphnbtbetilifomsysa.supabase.co/storage/v1/object/public/crm-images/crm/575575d488a5365ac2289ebb32f8934204a28584d0f5f5794b2c4500302df1ed.webp,1,yes,1,Gạch Kiệt Anh\IG15901.jpg,
1820,IG15902,Gạch 150x900mm Mờ,Kiệt Anh,https://sbphnbtbetilifomsysa.supabase.co/storage/v1/object/public/crm-images/crm/077121f6fea8cf417545cc6e8fe1b4a9afb687201cb35a86ce783b53d9162713.webp,1,yes,1,Gạch Kiệt Anh\IG15902.jpg,
1821,IG15903,Gạch 150x900mm Mờ,Kiệt Anh,https://sbphnbtbetilifomsysa.supabase.co/storage/v1/object/public/crm-images/crm/372f6cc574e869d708da98aaecc52d4b09f19f235f7a5aa0f1a24625f4c2667a.webp,1,yes,1,Gạch Kiệt Anh\IG15903.jpg,
1822,IG15904,Gạch 150x900mm Mờ,Kiệt Anh,https://sbphnbtbetilifomsysa.supabase.co/storage/v1/object/public/crm-images/crm/5bfd3e3645c4d6e71272d7cfd06643dfdbbed6dc14ef63a672e3049cfaa34d0e.webp,1,yes,1,Gạch Kiệt Anh\IG15904.jpg,
1823,IG15905,Gạch 150x900mm Mờ,Kiệt Anh,https://sbphnbtbetilifomsysa.supabase.co/storage/v1/object/public/crm-images/crm/47d341dec1a637091c2719721689165f8c59e8bd28affb2f12a7297054d87764.webp,1,yes,1,Gạch Kiệt Anh\IG15905.jpg,
1824,IG15906,Gạch 150x900mm Mờ,Kiệt Anh,https://sbphnbtbetilifomsysa.supabase.co/storage/v1/object/public/crm-images/crm/1c68f50697755fa14e65ab5f64e47221fc99c7e7662b77349394c88a5d32c683.webp,1,yes,1,Gạch Kiệt Anh\IG15906.jpg,
1825,IG15907,Gạch 150x900mm Mờ,Kiệt Anh,https://sbphnbtbetilifomsysa.supabase.co/storage/v1/object/public/crm-images/crm/096dc134e6111eee266bf6c60ef61f2b19d361a3c2613d415bf3fbfe428e79be.webp,1,yes,1,Gạch Kiệt Anh\IG15907.jpg,
1826,IG15908,Gạch 150x900mm Mờ,Kiệt Anh,https://sbphnbtbetilifomsysa.supabase.co/storage/v1/object/public/crm-images/crm/cf56c834d48678fc360f9d8290e038721fa814548ee2d75da64d340963e49573.webp,1,yes,1,Gạch Kiệt Anh\IG15908.jpg,
1827,IG15909,Gạch 150x900mm Mờ,Kiệt Anh,https://sbphnbtbetilifomsysa.supabase.co/storage/v1/object/public/crm-images/crm/d05c00da9e1e7aeed3c4203b201addb28bc9b3865e6502dbdc6f5a21594b5945.webp,1,yes,1,Gạch Kiệt Anh\IG15909.jpg,
1828,IG15910,Gạch 150x900mm Mờ,Kiệt Anh,https://sbphnbtbetilifomsysa.supabase.co/storage/v1/object/public/crm-images/crm/b17f7c2cd6341074cad0de15694a5b4a7fca098968eb332b19965e059176bd7c.webp,1,yes,1,Gạch Kiệt Anh\IG15910.jpg,
1829,IG15911,Gạch 150x900mm Mờ,Kiệt Anh,https://sbphnbtbetilifomsysa.supabase.co/storage/v1/object/public/crm-images/crm/45e16f0c050c16adef2b36c10f7ef039a90ae7298a0b5942461856bff06370dd.webp,1,yes,1,Gạch Kiệt Anh\IG15911.jpg,
1830,IG21001,Gạch 200x1000mm Mờ,Kiệt Anh,https://sbphnbtbetilifomsysa.supabase.co/storage/v1/object/public/crm-images/crm/6c88e2452e0d9e48fd38c2eb86f9531ae30dd2ec08fe47986a554216f3c3cbab.webp,1,yes,1,Gạch Kiệt Anh\IG21001.jpg,
1831,IG21002,Gạch 200x1000mm Mờ,Kiệt Anh,https://sbphnbtbetilifomsysa.supabase.co/storage/v1/object/public/crm-images/crm/50e8afa699c1de20a92395bddad14cb49acb3fc51ce11ccbf719bd1723dbd880.webp,1,yes,1,Gạch Kiệt Anh\IG21002.jpg,
1832,IG21003,Gạch 200x1000mm Mờ,Kiệt Anh,https://sbphnbtbetilifomsysa.supabase.co/storage/v1/object/public/crm-images/crm/a971f426e49fa22f092948d37b9cb94dd98e73a84ff4a3d95d4e6e24dcc7f870.webp,1,yes,1,Gạch Kiệt Anh\IG21003.jpg,
1833,IG21004,Gạch 200x1000mm Mờ,Kiệt Anh,https://sbphnbtbetilifomsysa.supabase.co/storage/v1/object/public/crm-images/crm/f7a47be060bfb913c1dac4defd408d5b66aebf7635d4b0b276a1c6ee128dfc84.webp,1,yes,1,Gạch Kiệt Anh\IG21004.jpg,
1834,IG21005,Gạch 200x1000mm Mờ,Kiệt Anh,https://sbphnbtbetilifomsysa.supabase.co/storage/v1/object/public/crm-images/crm/82c8dc90148c384089278d0467c5b4811f6c4a142a953c0ba9e3a98a2cf7ee3e.webp,1,yes,1,Gạch Kiệt Anh\IG21005.jpg,
1835,IG21006,Gạch 200x1000mm Mờ,Kiệt Anh,https://sbphnbtbetilifomsysa.supabase.co/storage/v1/object/public/crm-images/crm/5587d81db66468b7ce5cabe8b4488d431da83762d1b9e43f9bee7ed266a71f33.webp,1,yes,1,Gạch Kiệt Anh\IG21006.jpg,
1836,IG21201,Gạch 200x1200mm Mờ,Kiệt Anh,https://sbphnbtbetilifomsysa.supabase.co/storage/v1/object/public/crm-images/crm/bcac13d1e3bc5d19a25f370fea076e867fe6337acd7566e5693c705c02c1c8ea.webp,1,yes,1,Gạch Kiệt Anh\IG21201.jpg,
1837,IG21202,Gạch 200x1200mm Mờ,Kiệt Anh,https://sbphnbtbetilifomsysa.supabase.co/storage/v1/object/public/crm-images/crm/8efdca1d0002357773fb519989ad14d9496bdb2d4606f853a78a44ba881ea0a3.webp,1,yes,1,Gạch Kiệt Anh\IG21202.jpg,
1838,IG21203,Gạch 200x1200mm Mờ,Kiệt Anh,https://sbphnbtbetilifomsysa.supabase.co/storage/v1/object/public/crm-images/crm/48de70a36bd94e5fc34fe51ea1e980557d02c932a17205a68b132641a8877f92.webp,1,yes,1,Gạch Kiệt Anh\IG21203.jpg,
1839,IG21204,Gạch 200x1200mm Mờ,Kiệt Anh,https://sbphnbtbetilifomsysa.supabase.co/storage/v1/object/public/crm-images/crm/ec553f76f3ac56c946c02b6482c754906a58b48afc50c9ffdf87a8e62bd8209d.webp,1,yes,1,Gạch Kiệt Anh\IG21204.jpg,
1840,IG21205,Gạch 200x1200mm Mờ,Kiệt Anh,https://sbphnbtbetilifomsysa.supabase.co/storage/v1/object/public/crm-images/crm/5f62e4e465ad4ee537f445b345d9c1a9c6c16b366e1e0b09aa6383bc7c93c7ab.webp,1,yes,1,Gạch Kiệt Anh\IG21205.jpg,
1841,IG21206,Gạch 200x1200mm Mờ,Kiệt Anh,https://sbphnbtbetilifomsysa.supabase.co/storage/v1/object/public/crm-images/crm/71168d61c5b5eb82211386399a493a7656c01decf15d31fe64fb567331ebf211.webp,1,yes,1,Gạch Kiệt Anh\IG21206.jpg,
1842,IG21207,Gạch 200x1200mm Mờ,Kiệt Anh,https://sbphnbtbetilifomsysa.supabase.co/storage/v1/object/public/crm-images/crm/a9ef0eea5af51bc8cdc2a4e61e4d319c2345d5b302a7c64716f8631d78a79fec.webp,1,yes,1,Gạch Kiệt Anh\IG21207.jpg,
1843,IG21208,Gạch 200x1200mm Mờ,Kiệt Anh,https://sbphnbtbetilifomsysa.supabase.co/storage/v1/object/public/crm-images/crm/860674f0f3083ad69a006c3233f06915b8b2f42006efbd79a0f1a94499d255c0.webp,1,yes,1,Gạch Kiệt Anh\IG21208.jpg,
1934,IGR6601,Gạch 600x600mm Mờ,Vinagres,https://sbphnbtbetilifomsysa.supabase.co/storage/v1/object/public/crm-images/crm/094e867bb1ef1809854fc3d5be65d8eb644ba47b054034991af5f2ba84c3cabe.webp,1,yes,2,Gạch Vinagres\IGR6601 (1).jpg || Gạch Vinagres\IGR6601 (2).jpg,
1935,IGR6602,Gạch 600x600mm Mờ,Vinagres,https://sbphnbtbetilifomsysa.supabase.co/storage/v1/object/public/crm-images/crm/e54e3ccac0abd087cd18d66d421e1494b645fa45b87425204e176daba8ec4d46.webp,1,yes,2,Gạch Vinagres\IGR6602 (1).jpg || Gạch Vinagres\IGR6602 (2).jpg,
1936,IGR6603,Gạch 600x600mm Mờ,Vinagres,https://sbphnbtbetilifomsysa.supabase.co/storage/v1/object/public/crm-images/crm/58d603256033443819b8d8294448b8aa3d08c4b1f793f110b9ca138e0721a0e9.webp,1,yes,2,Gạch Vinagres\IGR6603 (1).jpg || Gạch Vinagres\IGR6603 (2).jpg,
1937,IGR6604,Gạch 600x600mm Mờ,Vinagres,https://sbphnbtbetilifomsysa.supabase.co/storage/v1/object/public/crm-images/crm/90e091f9dbd9d5c7f35be5e0084f3f14612d2bb9f72bf9b7c6c8296344ccfc26.webp,1,yes,2,Gạch Vinagres\IGR6604 (1).jpg || Gạch Vinagres\IGR6604 (2).jpg,
1741,IH3601,Gạch 300x600mm Mờ nhám,Hiệp Thủy,https://sbphnbtbetilifomsysa.supabase.co/storage/v1/object/public/crm-images/crm/4468952c6bf22e791b8e6b4cd087932ab76385e8703c65bb90dcec41d40bcbba.webp,1,yes,3,Gạch Hiệp Thủy\up web Hiệp Thủy\IH3601.png || Gạch Hiệp Thủy\Hiệp Thủy mới\IH3601.png || Gạch Hiệp Thủy\Hiệp Thủy mới\Kích thước nhỏ\IH3601.jpeg,
1742,IH3602,Gạch 300x600mm Mờ nhám,Hiệp Thủy,https://sbphnbtbetilifomsysa.supabase.co/storage/v1/object/public/crm-images/crm/2ca0e938bc4d3e06243f02d4f8202676b232d194a09da6dd88c6d2ce87e16b25.webp,1,yes,3,Gạch Hiệp Thủy\up web Hiệp Thủy\IH3602.png || Gạch Hiệp Thủy\Hiệp Thủy mới\IH3602.png || Gạch Hiệp Thủy\Hiệp Thủy mới\Kích thước nhỏ\IH3602.jpeg,
1743,IH3603,Gạch 300x600mm Mờ nhám,Hiệp Thủy,https://sbphnbtbetilifomsysa.supabase.co/storage/v1/object/public/crm-images/crm/ebe718f8a3f24afb6439146d03ae10beb18d5af5bdc68cad6c4cdb3230ce7fe2.webp,1,yes,3,Gạch Hiệp Thủy\up web Hiệp Thủy\IH3603.png || Gạch Hiệp Thủy\Hiệp Thủy mới\IH3603.png || Gạch Hiệp Thủy\Hiệp Thủy mới\Kích thước nhỏ\IH3603.jpeg,
1744,IH61201,Gạch 600x1200mm Bóng,Hiệp Thủy,https://sbphnbtbetilifomsysa.supabase.co/storage/v1/object/public/crm-images/crm/b5e661572875d7775fc18f4320ccdcf58ce45cbb3e452859eda22841aca186c4.webp,1,yes,2,Gạch Hiệp Thủy\Hiệp Thủy mới\IH61201.png || Gạch Hiệp Thủy\Hiệp Thủy mới\Kích thước nhỏ\IH61201.jpeg,
1745,IH61202,Gạch 600x1200mm Mờ,Hiệp Thủy,https://sbphnbtbetilifomsysa.supabase.co/storage/v1/object/public/crm-images/crm/df8d6a5a82007a10ba96a4147063ceb6cfa61d5ae4962fd0d3a18c6da9585103.webp,1,yes,2,Gạch Hiệp Thủy\Hiệp Thủy mới\IH61202.png || Gạch Hiệp Thủy\Hiệp Thủy mới\Kích thước nhỏ\IH61202.jpeg,
1746,IH61203,Gạch 600x1200mm Mờ,Hiệp Thủy,https://sbphnbtbetilifomsysa.supabase.co/storage/v1/object/public/crm-images/crm/39106cd797ebfd51f36810a93b49aaf68f308107d2a1ac61abf8c0e0ac4be445.webp,1,yes,2,Gạch Hiệp Thủy\Hiệp Thủy mới\IH61203.png || Gạch Hiệp Thủy\Hiệp Thủy mới\Kích thước nhỏ\IH61203.jpeg,
1747,IH61204,Gạch 600x1200mm Mờ,Hiệp Thủy,https://sbphnbtbetilifomsysa.supabase.co/storage/v1/object/public/crm-images/crm/b52d28a2d1a782a50f8f363a36f65d0f58ab188806db783a5dcec46cf0f12928.webp,1,yes,2,Gạch Hiệp Thủy\Hiệp Thủy mới\IH61204.png || Gạch Hiệp Thủy\Hiệp Thủy mới\Kích thước nhỏ\IH61204.jpeg,
1748,IH61205,Gạch 600x1200mm Mờ,Hiệp Thủy,https://sbphnbtbetilifomsysa.supabase.co/storage/v1/object/public/crm-images/crm/a3380b59e463f85b48921c2a837a4456a4174f9c8994906a6fe641c98258d5a9.webp,1,yes,2,Gạch Hiệp Thủy\Hiệp Thủy mới\IH61205.png || Gạch Hiệp Thủy\Hiệp Thủy mới\Kích thước nhỏ\IH61205.jpeg,
1749,IH61206,Gạch 600x1200mm Mờ,Hiệp Thủy,https://sbphnbtbetilifomsysa.supabase.co/storage/v1/object/public/crm-images/crm/1b7827d2238c962de95dfedc35a453c374a0974eaa84081cca56ad023f5a640d.webp,1,yes,2,Gạch Hiệp Thủy\Hiệp Thủy mới\IH61206.png || Gạch Hiệp Thủy\Hiệp Thủy mới\Kích thước nhỏ\IH61206.jpeg,
1750,IH61207,Gạch 600x1200mm Mờ,Hiệp Thủy,https://sbphnbtbetilifomsysa.supabase.co/storage/v1/object/public/crm-images/crm/0e0840c63c134a62aadfbd87965566bd8ca518f31e26bc89c190933ea5d3c672.webp,1,yes,2,Gạch Hiệp Thủy\Hiệp Thủy mới\IH61207.png || Gạch Hiệp Thủy\Hiệp Thủy mới\Kích thước nhỏ\IH61207.jpeg,
1751,IH61208,Gạch 600x1200mm Mờ,Hiệp Thủy,https://sbphnbtbetilifomsysa.supabase.co/storage/v1/object/public/crm-images/crm/737bd337ba80bb9785d615a563481a0d369af2d971c8de3ce37b770260067785.webp,1,yes,2,Gạch Hiệp Thủy\Hiệp Thủy mới\IH61208.png || Gạch Hiệp Thủy\Hiệp Thủy mới\Kích thước nhỏ\IH61208.jpeg,
1752,IH61209,Gạch 600x1200mm Mờ,Hiệp Thủy,https://sbphnbtbetilifomsysa.supabase.co/storage/v1/object/public/crm-images/crm/5a928521ff5a05c39b5f5fb0ec574fec08335bf47ce210cc6aa1fc6d6a97a112.webp,1,yes,2,Gạch Hiệp Thủy\Hiệp Thủy mới\IH61209.png || Gạch Hiệp Thủy\Hiệp Thủy mới\Kích thước nhỏ\IH61209.jpeg,
1753,IH61210,Gạch 600x1200mm Mờ nhám,Hiệp Thủy,https://sbphnbtbetilifomsysa.supabase.co/storage/v1/object/public/crm-images/crm/738f235ed89cdfdcb105921f68bc9b22d3ff3a245a0d9c48fdb1ac341ea9363b.webp,1,no,0,,
1754,IH61211,Gạch 600x1200mm Mờ nhám,Hiệp Thủy,https://sbphnbtbetilifomsysa.supabase.co/storage/v1/object/public/crm-images/crm/0d7aa74826de619b8baccf82e138412643f3976c10f90a3ede3df8f2b5b93039.webp,1,yes,2,Gạch Hiệp Thủy\Hiệp Thủy mới\IH61211.png || Gạch Hiệp Thủy\Hiệp Thủy mới\Kích thước nhỏ\IH61211.jpeg,
1755,IH61212,Gạch 600x1200mm Mờ nhám,Hiệp Thủy,https://sbphnbtbetilifomsysa.supabase.co/storage/v1/object/public/crm-images/crm/e870e8e0237ccd5da86affffdd2fd6260264dcc2789926e154af8a885bb3a0f1.webp,1,no,0,,
1756,IH61213,Gạch 600x1200mm Mờ,Hiệp Thủy,https://sbphnbtbetilifomsysa.supabase.co/storage/v1/object/public/crm-images/crm/5df34b712b895a45af5a983b26aba8e57d1432ff473129163efc433b06355020.webp,1,no,0,,
1757,IH61214,Gạch 600x1200mm Mờ,Hiệp Thủy,https://sbphnbtbetilifomsysa.supabase.co/storage/v1/object/public/crm-images/crm/d2ed8793a402e7359e222b6fa699dc831f40489ff37aaba2ff633533d9389949.webp,1,no,0,,
1758,IH61215,Gạch 600x1200mm Mờ,Hiệp Thủy,https://sbphnbtbetilifomsysa.supabase.co/storage/v1/object/public/crm-images/crm/dd716579e07c6ba3c87a1c157014a7f6da754aa41fdf184f80420b7c2f40ac95.webp,1,no,0,,
1759,IH6601,Gạch 600x600mm Mờ nhám,Hiệp Thủy,https://sbphnbtbetilifomsysa.supabase.co/storage/v1/object/public/crm-images/crm/6e2699fb756380ea4d2f8b607b60c84667da64649ce7a9e150e765da375917e2.webp,1,yes,2,Gạch Hiệp Thủy\Hiệp Thủy mới\IH6601.png || Gạch Hiệp Thủy\Hiệp Thủy mới\Kích thước nhỏ\IH6601.jpeg,
1760,IH6602,Gạch 600x600mm Mờ nhám,Hiệp Thủy,https://sbphnbtbetilifomsysa.supabase.co/storage/v1/object/public/crm-images/crm/2ed45ce9750501cffe038e5c02e68a8bf7080f5952cb6b67cd8e19a39a18cb21.webp,1,yes,2,Gạch Hiệp Thủy\Hiệp Thủy mới\IH6602.png || Gạch Hiệp Thủy\Hiệp Thủy mới\Kích thước nhỏ\IH6602.jpeg,
1761,IH6603,Gạch 600x600mm Mờ nhám,Hiệp Thủy,https://sbphnbtbetilifomsysa.supabase.co/storage/v1/object/public/crm-images/crm/7bc3ad898b5bb5f55e7eb3e5b8657565be8e69c453bae6c00a779c6c4ac0e6e7.webp,1,no,0,,
1762,IH6604,Gạch 600x600mm Mờ,Hiệp Thủy,https://sbphnbtbetilifomsysa.supabase.co/storage/v1/object/public/crm-images/crm/be583270d244c79be07bb80dab9593fb2977da10a4fcbcef67e0a6f760086ed3.webp,1,yes,2,Gạch Hiệp Thủy\Hiệp Thủy mới\IH6604.png || Gạch Hiệp Thủy\Hiệp Thủy mới\Kích thước nhỏ\IH6604.jpeg,
1763,IH6605,Gạch 600x600mm Mờ,Hiệp Thủy,https://sbphnbtbetilifomsysa.supabase.co/storage/v1/object/public/crm-images/crm/b530b3ef77dc975fcb5ef03b5de60403186650081ab48c43fbd13468ff991f9e.webp,1,yes,2,Gạch Hiệp Thủy\Hiệp Thủy mới\IH6605.png || Gạch Hiệp Thủy\Hiệp Thủy mới\Kích thước nhỏ\IH6605.jpeg,
1764,IH6606,Gạch 600x600mm Mờ,Hiệp Thủy,https://sbphnbtbetilifomsysa.supabase.co/storage/v1/object/public/crm-images/crm/ad78e934bc160b03cef198abb58169ac0f410184d7c480582a76c464889f1c12.webp,1,yes,2,Gạch Hiệp Thủy\Hiệp Thủy mới\IH6606.png || Gạch Hiệp Thủy\Hiệp Thủy mới\Kích thước nhỏ\IH6606.jpeg,
1765,IH6607,Gạch 600x600mm Mờ,Hiệp Thủy,https://sbphnbtbetilifomsysa.supabase.co/storage/v1/object/public/crm-images/crm/f5c4362829d2fb90bafd542212a2510091fd1ef838dac0555d0e23aecc125fcc.webp,1,yes,2,Gạch Hiệp Thủy\Hiệp Thủy mới\IH6607.png || Gạch Hiệp Thủy\Hiệp Thủy mới\Kích thước nhỏ\IH6607.jpeg,
1766,IH6608,Gạch 600x600mm Mờ,Hiệp Thủy,https://sbphnbtbetilifomsysa.supabase.co/storage/v1/object/public/crm-images/crm/188db5e1311311247d1eaf482f7d634b5ecc30afb513f1594646ad8a8494a614.webp,1,yes,2,Gạch Hiệp Thủy\Hiệp Thủy mới\IH6608.png || Gạch Hiệp Thủy\Hiệp Thủy mới\Kích thước nhỏ\IH6608.jpeg,
1767,IH6609,Gạch 600x600mm Mờ,Hiệp Thủy,https://sbphnbtbetilifomsysa.supabase.co/storage/v1/object/public/crm-images/crm/95c6d6964b5949f6130432bd4b4dda48e9a59c93642b636d37eda47e9483a492.webp,1,yes,2,Gạch Hiệp Thủy\Hiệp Thủy mới\IH6609.png || Gạch Hiệp Thủy\Hiệp Thủy mới\Kích thước nhỏ\IH6609.jpeg,
1768,IH6610,Gạch 600x600mm Mờ,Hiệp Thủy,https://sbphnbtbetilifomsysa.supabase.co/storage/v1/object/public/crm-images/crm/7b1798bb9aa2cb9c7141b652022f4439622d89b4080a8a28d4825d03cf70b4f3.webp,1,yes,2,Gạch Hiệp Thủy\Hiệp Thủy mới\IH6610.png || Gạch Hiệp Thủy\Hiệp Thủy mới\Kích thước nhỏ\IH6610.jpeg,
1769,IH6611,Gạch 600x600mm Mờ,Hiệp Thủy,https://sbphnbtbetilifomsysa.supabase.co/storage/v1/object/public/crm-images/crm/fb3c0779a21096ace9be9e11f5a30a50d9a0a743b85f993b4005d87fc80d32df.webp,1,yes,2,Gạch Hiệp Thủy\Hiệp Thủy mới\IH6611.png || Gạch Hiệp Thủy\Hiệp Thủy mới\Kích thước nhỏ\IH6611.jpeg,
1770,IH6612,Gạch 600x600mm Mờ,Hiệp Thủy,https://sbphnbtbetilifomsysa.supabase.co/storage/v1/object/public/crm-images/crm/f96cd870e2af4cc5717ab25c36a2d96cc49628e19f5a0b8af4831b993a7963c4.webp,1,yes,2,Gạch Hiệp Thủy\Hiệp Thủy mới\IH6612.png || Gạch Hiệp Thủy\Hiệp Thủy mới\Kích thước nhỏ\IH6612.jpeg,
1771,IH6613,Gạch 600x600mm Mờ,Hiệp Thủy,https://sbphnbtbetilifomsysa.supabase.co/storage/v1/object/public/crm-images/crm/49523bec759be8d610960550776dd4ca6657158508a3eb2abd727f2dac5213ac.webp,1,yes,2,Gạch Hiệp Thủy\Hiệp Thủy mới\IH6613.png || Gạch Hiệp Thủy\Hiệp Thủy mới\Kích thước nhỏ\IH6613.jpeg,
1772,IH6614,Gạch 600x600mm Mờ,Hiệp Thủy,https://sbphnbtbetilifomsysa.supabase.co/storage/v1/object/public/crm-images/crm/909d75725cbddbe5a68e00046306d69d8cda54176c679aef012b78557124fe76.webp,1,yes,2,Gạch Hiệp Thủy\Hiệp Thủy mới\IH6614.png || Gạch Hiệp Thủy\Hiệp Thủy mới\Kích thước nhỏ\IH6614.jpeg,
1773,IH6615,Gạch 600x600mm Mờ,Hiệp Thủy,https://sbphnbtbetilifomsysa.supabase.co/storage/v1/object/public/crm-images/crm/64e297a971175da608802a2df6edafe40b6ea40d53ffbd6cd0d7afdb16ac7a73.webp,1,yes,2,Gạch Hiệp Thủy\Hiệp Thủy mới\IH6615.png || Gạch Hiệp Thủy\Hiệp Thủy mới\Kích thước nhỏ\IH6615.jpeg,
1774,IH6616,Gạch 600x600mm Mờ,Hiệp Thủy,https://sbphnbtbetilifomsysa.supabase.co/storage/v1/object/public/crm-images/crm/eb7c5801113f4f4a247fb7ac5b8548f6dc9a1dd6c0d2ad40a7d7e7aeb7d5d1fe.webp,1,yes,2,Gạch Hiệp Thủy\Hiệp Thủy mới\IH6616.png || Gạch Hiệp Thủy\Hiệp Thủy mới\Kích thước nhỏ\IH6616.jpeg,
1775,IH6617,Gạch 600x600mm Mờ,Hiệp Thủy,https://sbphnbtbetilifomsysa.supabase.co/storage/v1/object/public/crm-images/crm/90348dfb5d3f7235ccf792dc8fb1a749d430b1e83d5f07693e0232eef3c725fc.webp,1,yes,2,Gạch Hiệp Thủy\Hiệp Thủy mới\IH6617.png || Gạch Hiệp Thủy\Hiệp Thủy mới\Kích thước nhỏ\IH6617.jpeg,
1776,IH6618,Gạch 600x600mm Mờ,Hiệp Thủy,https://sbphnbtbetilifomsysa.supabase.co/storage/v1/object/public/crm-images/crm/1cabb0466bb7874da75c93bc80e02264d5f47eab4dc7c4d13987236836945802.webp,1,yes,2,Gạch Hiệp Thủy\Hiệp Thủy mới\IH6618.png || Gạch Hiệp Thủy\Hiệp Thủy mới\Kích thước nhỏ\IH6618.jpeg,
1777,IH6619,Gạch 600x600mm Mờ,Hiệp Thủy,https://sbphnbtbetilifomsysa.supabase.co/storage/v1/object/public/crm-images/crm/4e1e8e1ffb765c61956cba55710cc84233156320b9c5faa1b92b4d9937180636.webp,1,yes,2,Gạch Hiệp Thủy\Hiệp Thủy mới\IH6619.png || Gạch Hiệp Thủy\Hiệp Thủy mới\Kích thước nhỏ\IH6619.jpeg,
1778,IH6620,Gạch 600x600mm Mờ,Hiệp Thủy,https://sbphnbtbetilifomsysa.supabase.co/storage/v1/object/public/crm-images/crm/f32b0819ee4ed5a780f5e7b3bd2919dd527007ee482d3b40b4fd6125fc42529d.webp,1,no,0,,
1779,IH6621,Gạch 600x600mm Mờ,Hiệp Thủy,https://sbphnbtbetilifomsysa.supabase.co/storage/v1/object/public/crm-images/crm/14a09dac2a0ce9e03a25635d22c5f76045cf79a9eb819a462d3858d66b37fa16.webp,1,yes,2,Gạch Hiệp Thủy\Hiệp Thủy mới\IH6621.png || Gạch Hiệp Thủy\Hiệp Thủy mới\Kích thước nhỏ\IH6621.jpeg,
1845,IK61201,Gạch 600x1200mm Mờ,Kiệt Anh,https://sbphnbtbetilifomsysa.supabase.co/storage/v1/object/public/crm-images/crm/925b998d4d10e48dc1ffdc3de5e244839d329df47ac0e276f92502ac12149a09.webp,1,no,0,,
1846,IK61202,Gạch 600x1200mm Mờ,Kiệt Anh,https://sbphnbtbetilifomsysa.supabase.co/storage/v1/object/public/crm-images/crm/248c6af47efdcb18c12db7ec10012a5295433b3f796af2778ebb4d92f365ba96.webp,4,yes,10,gạch ốp lát - tháng 10\IK61202 (1).jpg || gạch ốp lát - tháng 10\IK61202 (2).jpg || gạch ốp lát - tháng 10\IK61202 (3).jpg || gạch ốp lát - tháng 10\IK61202.jpg || gạch ốp lát - tháng 10\IT61204 - IK61202.jpg || Gạch Kiệt Anh\IK61202 (1).jpg || Gạch Kiệt Anh\IK61202 (2).jpg || Gạch Kiệt Anh\IK61202 (3).jpg || Gạch Kiệt Anh\IK61202.jpg || Gạch Kiệt Anh\IT61204 - IK61202.jpg,
1847,IK61203,Gạch 600x1200mm Mờ,Kiệt Anh,https://sbphnbtbetilifomsysa.supabase.co/storage/v1/object/public/crm-images/crm/ad4f9142f22756ee95388701aecbb8a4855788c337a1ea46bd84ad3a8adf03e9.webp,4,yes,8,gạch ốp lát - tháng 10\IK61203 (1).jpg || gạch ốp lát - tháng 10\IK61203 (2).jpg || gạch ốp lát - tháng 10\IK61203 (3).jpg || gạch ốp lát - tháng 10\IK61203.jpg || Gạch Kiệt Anh\IK61203 (1).jpg || Gạch Kiệt Anh\IK61203 (2).jpg || Gạch Kiệt Anh\IK61203 (3).jpg || Gạch Kiệt Anh\IK61203.jpg,
1848,IK61204,Gạch 600x1200mm Mờ,Kiệt Anh,https://sbphnbtbetilifomsysa.supabase.co/storage/v1/object/public/crm-images/crm/53caa88ac4bde19a57cfb8a11721f767df2ee8da564d745e3becb6bcc2dab7ba.webp,4,yes,8,gạch ốp lát - tháng 10\IK61204 (1).jpg || gạch ốp lát - tháng 10\IK61204 (2).jpg || gạch ốp lát - tháng 10\IK61204 (3).jpg || gạch ốp lát - tháng 10\IK61204.jpg || Gạch Kiệt Anh\IK61204 (1).jpg || Gạch Kiệt Anh\IK61204 (2).jpg || Gạch Kiệt Anh\IK61204 (3).jpg || Gạch Kiệt Anh\IK61204.jpg,
1849,IK61205,Gạch 600x600mm Mờ,Kiệt Anh,https://sbphnbtbetilifomsysa.supabase.co/storage/v1/object/public/crm-images/crm/ba3fdeabfe16b178ad04948c46503db7ebe1172d858bcca544d260eee184e0e3.webp,1,no,0,,
1875,ILT61201,Gạch 600x1200mm Mờ,TILERS,https://sbphnbtbetilifomsysa.supabase.co/storage/v1/object/public/crm-images/crm/df98b1f32f13880c1a5887ba7c2ea86476153c91661cb49f757c2373d357a8e7.webp,1,yes,2,Gạch Tiler\ILT61201.png || Gạch Tiler\Kích thước nhỏ\ILT61201.jpeg,
1876,ILT61202,Gạch 600x1200mm Mờ,TILERS,https://sbphnbtbetilifomsysa.supabase.co/storage/v1/object/public/crm-images/crm/de35eba4425a5fc617eff8131deb111b3dd4951a187dde89be5d970699bc80d7.webp,1,yes,2,Gạch Tiler\ILT61202.png || Gạch Tiler\Kích thước nhỏ\ILT61202.jpeg,
1877,ILT61203,Gạch 600x1200mm Mờ,TILERS,https://sbphnbtbetilifomsysa.supabase.co/storage/v1/object/public/crm-images/crm/89ae73dbdbf0505b068b980e32416bff97dc5e837b4e3e2626a585d93ebd9b6b.webp,1,yes,2,Gạch Tiler\ILT61203.png || Gạch Tiler\Kích thước nhỏ\ILT61203.jpeg,
1878,ILT61204,Gạch 600x1200mm Mờ,TILERS,https://sbphnbtbetilifomsysa.supabase.co/storage/v1/object/public/crm-images/crm/55c6f5accfdcf6a9dcb56ccbfadf77558fcbd70df6dd4c5ecac6ae3755735240.webp,1,yes,2,Gạch Tiler\ILT61204.png || Gạch Tiler\Kích thước nhỏ\ILT61204.jpeg,
1879,ILT61205,Gạch 600x1200mm Mờ,TILERS,https://sbphnbtbetilifomsysa.supabase.co/storage/v1/object/public/crm-images/crm/e25ce67c525aaa2edaf5b6f5a9056d1de618ccd7faabc5f82b110a14f2340570.webp,1,yes,2,Gạch Tiler\ILT61205.png || Gạch Tiler\Kích thước nhỏ\ILT61205.jpeg,
1880,ILT61206,Gạch 600x1200mm Mờ,TILERS,https://sbphnbtbetilifomsysa.supabase.co/storage/v1/object/public/crm-images/crm/248c45c976703899855a574293ae13c88950e6af28d2a7aee5d52ee58532b119.webp,1,yes,2,Gạch Tiler\ILT61206.png || Gạch Tiler\Kích thước nhỏ\ILT61206.jpeg,
1881,ILT61207,Gạch 600x1200mm Mờ,TILERS,https://sbphnbtbetilifomsysa.supabase.co/storage/v1/object/public/crm-images/crm/92dc98152d28f052866f053c6367c6446414e60db96acf69fcd59c898ccb4d11.webp,1,yes,2,Gạch Tiler\ILT61207.png || Gạch Tiler\Kích thước nhỏ\ILT61207.jpeg,
1882,ILT6601,Gạch 600x600mm Mờ,TILERS,https://sbphnbtbetilifomsysa.supabase.co/storage/v1/object/public/crm-images/crm/621526316be48caa31a11892a8c6afa6a12fbdd47e82f05ddf12a306d9ed8619.webp,1,yes,2,Gạch Tiler\ILT6601.png || Gạch Tiler\Kích thước nhỏ\ILT6601.jpeg,
1883,ILT6602,Gạch 600x600mm Mờ,TILERS,https://sbphnbtbetilifomsysa.supabase.co/storage/v1/object/public/crm-images/crm/04329c92f7dc30642b2c8431b098046ef51955d3e723dfc2dd006b2642205050.webp,1,yes,2,Gạch Tiler\ILT6602.png || Gạch Tiler\Kích thước nhỏ\ILT6602.jpeg,
1884,ILT6603,Gạch 600x600mm Mờ,TILERS,https://sbphnbtbetilifomsysa.supabase.co/storage/v1/object/public/crm-images/crm/3cbfc6f8fab66e0b6f0890039df265a247fa60a2c729171c8f93dc0f1410b2be.webp,1,yes,2,Gạch Tiler\ILT6603.png || Gạch Tiler\Kích thước nhỏ\ILT6603.jpeg,
1885,ILT6604,Gạch 600x600mm Mờ,TILERS,https://sbphnbtbetilifomsysa.supabase.co/storage/v1/object/public/crm-images/crm/383948f7767ef1a2093c07c7cb711b062a8ff093ddbf3db4dd85a5ddc88ecc39.webp,1,yes,2,Gạch Tiler\ILT6604.png || Gạch Tiler\Kích thước nhỏ\ILT6604.jpeg,
1886,ILT6605,Gạch 600x600mm Mờ,TILERS,https://sbphnbtbetilifomsysa.supabase.co/storage/v1/object/public/crm-images/crm/02bd0f3c5484555780c92fb59c34caf1f0ba77c61d1aacadfec2a3ff01350df5.webp,1,yes,2,Gạch Tiler\ILT6605.png || Gạch Tiler\Kích thước nhỏ\ILT6605.jpeg,
1887,ILT6606,Gạch 600x600mm Mờ,TILERS,https://sbphnbtbetilifomsysa.supabase.co/storage/v1/object/public/crm-images/crm/3777419ede17365411ad0a7ae4d468bff0820fb622136e0468a3461a3887e911.webp,1,yes,2,Gạch Tiler\ILT6606.png || Gạch Tiler\Kích thước nhỏ\ILT6606.jpeg,
1888,ILT6607,Gạch 600x600mm Mờ,TILERS,https://sbphnbtbetilifomsysa.supabase.co/storage/v1/object/public/crm-images/crm/bad109158cde95a8e9ca28085c7153c4661d859972da553c502c5a3056f7eb7a.webp,1,yes,2,Gạch Tiler\ILT6607.png || Gạch Tiler\Kích thước nhỏ\ILT6607.jpeg,
1889,ILT8801,Gạch 800x800mm Bóng,TILERS,https://sbphnbtbetilifomsysa.supabase.co/storage/v1/object/public/crm-images/crm/04e914f8f7bc5908cad29d0b05e0424acab21e44bb896a046f49ae3e172a57c8.webp,1,yes,2,Gạch Tiler\ILT8801.png || Gạch Tiler\Kích thước nhỏ\ILT8801.jpeg,
1890,ILT8802,Gạch 800x800mm Bóng,TILERS,https://sbphnbtbetilifomsysa.supabase.co/storage/v1/object/public/crm-images/crm/7759b5b350aad022382570c1d78532e444685802ad04ece6f49b26e65093a5e2.webp,1,yes,2,Gạch Tiler\ILT8802.png || Gạch Tiler\Kích thước nhỏ\ILT8802.jpeg,
1891,ILT8803,Gạch 800x800mm Bóng,TILERS,https://sbphnbtbetilifomsysa.supabase.co/storage/v1/object/public/crm-images/crm/b7f5de0535b5d71e8ff9cf9d32d05667c003a66fd782d42da32f23b59bfc3c5e.webp,1,yes,2,Gạch Tiler\ILT8803.png || Gạch Tiler\Kích thước nhỏ\ILT8803.jpeg,
1892,ILT8804,Gạch 800x800mm Bóng,TILERS,https://sbphnbtbetilifomsysa.supabase.co/storage/v1/object/public/crm-images/crm/b5bc09befcef06761dcf514efd57dff4ee7b310da63543d553b9f17630a93f4b.webp,1,yes,2,Gạch Tiler\ILT8804.png || Gạch Tiler\Kích thước nhỏ\ILT8804.jpeg,
1893,ILT8805,Gạch 800x800mm Bóng,TILERS,https://sbphnbtbetilifomsysa.supabase.co/storage/v1/object/public/crm-images/crm/fa05f4b328b0044be52079a63c822ca0abd36df6d5e88bc0f5f17cbf8e7bc15c.webp,1,yes,2,Gạch Tiler\ILT8805.png || Gạch Tiler\Kích thước nhỏ\ILT8805.jpeg,
1894,ILT8806,Gạch 800x800mm Bóng,TILERS,https://sbphnbtbetilifomsysa.supabase.co/storage/v1/object/public/crm-images/crm/6f883e76b0a12a1435ca8f7433e65df04808479a66a720849fcefe84da898e14.webp,1,yes,2,Gạch Tiler\ILT8806.png || Gạch Tiler\Kích thước nhỏ\ILT8806.jpeg,
1895,ILT8807,Gạch 800x800mm Mờ,TILERS,https://sbphnbtbetilifomsysa.supabase.co/storage/v1/object/public/crm-images/crm/8b4a2143b93403a2d6308f1e3569366115d8364a6bd0350d9c988b5787e098c6.webp,1,yes,2,Gạch Tiler\ILT8807.png || Gạch Tiler\Kích thước nhỏ\ILT8807.jpeg,
1896,ILT8808,Gạch 800x800mm Mờ,TILERS,https://sbphnbtbetilifomsysa.supabase.co/storage/v1/object/public/crm-images/crm/066b8a7834ea87e2b5522e66f7fda3ba49721d2b9786002510eed8b0e8025e06.webp,1,yes,2,Gạch Tiler\ILT8808.png || Gạch Tiler\Kích thước nhỏ\ILT8808.jpeg,
525,IN306110,Gạch 300X600 Terrazzo Trắng Hạt Nền Màu,Innomat,https://sbphnbtbetilifomsysa.supabase.co/storage/v1/object/public/crm-images/crm/18d261f5d47fb7d2ade05d68522266e3057d09db7573c4dfc3086d285a502e48.webp,6,yes,5,GẠCH 30X60\Bộ Terrazzo Porcelain 300x600 (6 màu)\IN306110\IN306110 (1).jpg || GẠCH 30X60\Bộ Terrazzo Porcelain 300x600 (6 màu)\IN306110\IN306110 (2).jpg || GẠCH 30X60\Bộ Terrazzo Porcelain 300x600 (6 màu)\IN306110\IN306110 (3).jpg || GẠCH 30X60\Bộ Terrazzo Porcelain 300x600 (6 màu)\IN306110\IN306110 (4).jpg || GẠCH 30X60\Bộ Terrazzo Porcelain 300x600 (6 màu)\IN306110\IN306110.jpg,
526,IN306111,Gạch 300X600 Terrazzo Hạt Nền Kem,Innomat,https://sbphnbtbetilifomsysa.supabase.co/storage/v1/object/public/crm-images/crm/175375b2f3b6e95f52052b30566093aae3989af6a8f993b70302bae97bfdf7a6.webp,6,yes,7,GẠCH 30X60\Bộ Terrazzo Porcelain 300x600 (6 màu)\IN306111\IN306111 (2).jpg || GẠCH 30X60\Bộ Terrazzo Porcelain 300x600 (6 màu)\IN306111\IN306111.jpg || GẠCH 30X60\Bộ Terrazzo Porcelain 300x600 (6 màu)\IN306111\IN306111.webp || GẠCH 30X60\Bộ Terrazzo Porcelain 300x600 (6 màu)\IN306111\IN306111_ 1.jpg || GẠCH 30X60\Bộ Terrazzo Porcelain 300x600 (6 màu)\IN306111\IN306111_ 2 (2).jpg || GẠCH 30X60\Bộ Terrazzo Porcelain 300x600 (6 màu)\IN306111\IN306111_ 2.jpg || GẠCH 30X60\Bộ Terrazzo Porcelain 300x600 (6 màu)\IN306111\IN306111_1.jpg,
527,IN306112,Gạch 300X600 Terrazzo Trắng Hạt Mè,Innomat,https://sbphnbtbetilifomsysa.supabase.co/storage/v1/object/public/crm-images/crm/57be58bed1e579065f4e369675da3c330c6351de567c1cc0346dd5083def6db9.webp,7,yes,4,GẠCH 30X60\Bộ Terrazzo Porcelain 300x600 (6 màu)\IN306112\IN306112 (1).jpg || GẠCH 30X60\Bộ Terrazzo Porcelain 300x600 (6 màu)\IN306112\IN306112 (2).jpg || GẠCH 30X60\Bộ Terrazzo Porcelain 300x600 (6 màu)\IN306112\IN306112 (3).jpg || GẠCH 30X60\Bộ Terrazzo Porcelain 300x600 (6 màu)\IN306112\IN306112.jpg,
528,IN306113,Gạch 300X600 Terrazzo Hạt Nền Trắng,Innomat,https://sbphnbtbetilifomsysa.supabase.co/storage/v1/object/public/crm-images/crm/feffe47fd439d77dce5e73e31a8cb6d7ca825d2034f7eb0770a095f13aced709.webp,4,yes,3,GẠCH 30X60\Bộ Terrazzo Porcelain 300x600 (6 màu)\IN306113\IN306113.jpg || GẠCH 30X60\Bộ Terrazzo Porcelain 300x600 (6 màu)\IN306113\IN306113_1.jpg || GẠCH 30X60\Bộ Terrazzo Porcelain 300x600 (6 màu)\IN306113\IN306113_2.jpg,
529,IN306114,Gạch 300X600 Terrazzo Xám Hạt Vừng Đen,Innomat,https://sbphnbtbetilifomsysa.supabase.co/storage/v1/object/public/crm-images/crm/f089584edcb7861326fb8d42b3f3735c44fffdc3cf4e986872489ad77883d9fb.webp,5,yes,4,GẠCH 30X60\Bộ Terrazzo Porcelain 300x600 (6 màu)\IN306114\IN306114 (2).jpg || GẠCH 30X60\Bộ Terrazzo Porcelain 300x600 (6 màu)\IN306114\IN306114.jpg || GẠCH 30X60\Bộ Terrazzo Porcelain 300x600 (6 màu)\IN306114\Y22F993A _ IN306114 (2).jpg || GẠCH 30X60\Bộ Terrazzo Porcelain 300x600 (6 màu)\IN306114\Y22F993A _ IN306114 (3).jpg,
530,IN306115,Gạch 300X600 Terrazzo Nâu Hạt Vừng,Innomat,https://sbphnbtbetilifomsysa.supabase.co/storage/v1/object/public/crm-images/crm/0df3f6ac50ee0c1e6bdbac997488294ad3076e7b7542b9fa8454c0e4be968fb1.webp,4,yes,3,GẠCH 30X60\Bộ Terrazzo Porcelain 300x600 (6 màu)\IN306115\IN306115 (1).jpg || GẠCH 30X60\Bộ Terrazzo Porcelain 300x600 (6 màu)\IN306115\IN306115 (2).jpg || GẠCH 30X60\Bộ Terrazzo Porcelain 300x600 (6 màu)\IN306115\IN306115.jpg,
1710,IPA61201,Gạch 600x1200mm Mờ,APK,https://sbphnbtbetilifomsysa.supabase.co/storage/v1/object/public/crm-images/crm/4168713ba34cc1c3573e89422430123c78a2f902e08242a9e294bffacb471785.webp,1,yes,2,Gạch APK\IPA61201.png || Gạch APK\Kích thước nhỏ\IPA61201.jpeg,
1711,IPA61202,Gạch 600x1200mm Mờ,APK,https://sbphnbtbetilifomsysa.supabase.co/storage/v1/object/public/crm-images/crm/2485c6e52ce3d5dbce224d844af8eed3e2574c1ddc46c0394b4fe8d082e5ae5c.webp,1,yes,2,Gạch APK\IPA61202.png || Gạch APK\Kích thước nhỏ\IPA61202.jpeg,
1712,IPA61203,Gạch 600x1200mm Mờ,APK,https://sbphnbtbetilifomsysa.supabase.co/storage/v1/object/public/crm-images/crm/a4b9e0e9883c82bddff53bfba7c2ca0fb56ab9c34cb37793d4c9781c2f525b0a.webp,1,yes,2,Gạch APK\IPA61203.png || Gạch APK\Kích thước nhỏ\IPA61203.jpeg,
1713,IPA61204,Gạch 600x1200mm Carving,APK,https://sbphnbtbetilifomsysa.supabase.co/storage/v1/object/public/crm-images/crm/d6f6035a7ccddecdfda9b952f858b3ef44a2c2803f1a29b02a7183a0a81bf42a.webp,1,yes,2,Gạch APK\IPA61204.png || Gạch APK\Kích thước nhỏ\IPA61204.jpeg,
1714,IPA61205,Gạch 600x1200mm Carving,APK,https://sbphnbtbetilifomsysa.supabase.co/storage/v1/object/public/crm-images/crm/f711b27d40e86dbb8f7c3fb23d7bd1289140d08130f232ee82f4daa491377373.webp,1,yes,2,Gạch APK\IPA61205.png || Gạch APK\Kích thước nhỏ\IPA61205.jpeg,
1715,IPA61206,Gạch 600x1200mm Carving,APK,https://sbphnbtbetilifomsysa.supabase.co/storage/v1/object/public/crm-images/crm/b0cb3a36d12906b5df1d041bc01d176cee2cb863b09658b2f25022153a893e47.webp,1,yes,2,Gạch APK\IPA61206.png || Gạch APK\Kích thước nhỏ\IPA61206.jpeg,
1716,IPA61207,Gạch 600x1200mm Mờ,APK,https://sbphnbtbetilifomsysa.supabase.co/storage/v1/object/public/crm-images/crm/b9dc2a8b28fe8a0be63437be49f5236f562cb5a1905090096c1a9c7b3ed6ff24.webp,1,yes,2,Gạch APK\IPA61207.png || Gạch APK\Kích thước nhỏ\IPA61207.jpeg,
1717,IPA61208,Gạch 600x1200mm Mờ,APK,https://sbphnbtbetilifomsysa.supabase.co/storage/v1/object/public/crm-images/crm/fc53fce37779887666f54d0ab6ee64c0dcba9ba53ccc26c542368083307b670a.webp,1,yes,2,Gạch APK\IPA61208.png || Gạch APK\Kích thước nhỏ\IPA61208.jpeg,
1718,IPA61209,Gạch 600x1200mm Mờ,APK,https://sbphnbtbetilifomsysa.supabase.co/storage/v1/object/public/crm-images/crm/02e561cf4a150825858f1ae210872768804fb50ee51119ffa1eedbae1847f5cf.webp,1,yes,2,Gạch APK\IPA61209.png || Gạch APK\Kích thước nhỏ\IPA61209.jpeg,
1719,IPA6121,Gạch 600x1200mm Mờ,APK,https://sbphnbtbetilifomsysa.supabase.co/storage/v1/object/public/crm-images/crm/480c8c887c97632d9d5ebb099f751179c7ff0c5bc87cd79b5c22f17cb6b56f01.webp,1,yes,2,Gạch APK\IPA6121.png || Gạch APK\Kích thước nhỏ\IPA6121.jpeg,
1720,IPA61210,Gạch 600x1200mm Mờ,APK,https://sbphnbtbetilifomsysa.supabase.co/storage/v1/object/public/crm-images/crm/f78d585ce61e1bef2f7352da95b4151e1329df7a71e361f285f4c26664cf6a96.webp,1,yes,2,Gạch APK\IPA61210.png || Gạch APK\Kích thước nhỏ\IPA61210.jpeg,
1850,IPK3601,Gạch 300x600mm Mờ,Phổ An,https://sbphnbtbetilifomsysa.supabase.co/storage/v1/object/public/crm-images/crm/4fccb93b37d0fa599055f2c94cb4c86795419a42c28b516b9ff3f58b8f3aa2f0.webp,1,yes,3,Gạch KIS - Phổ An\IPK3601.jpg || Gạch KIS - Phổ An\Web\IPK3601.jpg || Gạch KIS - Phổ An\MAP\IPK3601.jpg,
1851,IPK3602-M,Gạch 300x600mm Nhám Mịn,Phổ An,https://sbphnbtbetilifomsysa.supabase.co/storage/v1/object/public/crm-images/crm/9972e7f117e7ba592145c48c01759593af87e94b270090da4cfdc3cb1c9ab449.webp,1,yes,3,Gạch KIS - Phổ An\IPK3602-M.jpg || Gạch KIS - Phổ An\Web\IPK3602-M.jpg || Gạch KIS - Phổ An\MAP\IPK3602-M.jpg,
1852,IPK3602-S,Gạch 300x600mm Nhám Cát,Phổ An,https://sbphnbtbetilifomsysa.supabase.co/storage/v1/object/public/crm-images/crm/5bddb9f7b208cf2a013ba2d352bc603c1623c39c3e7a17e5ddbb627117a48c34.webp,1,yes,3,Gạch KIS - Phổ An\IPK3602-S.jpg || Gạch KIS - Phổ An\Web\IPK3602-S.jpg || Gạch KIS - Phổ An\MAP\IPK3602-S.jpg,
1853,IPK6601,Gạch 600x600mm Mờ,Phổ An,https://sbphnbtbetilifomsysa.supabase.co/storage/v1/object/public/crm-images/crm/72ec369c7c5c2f4361eabffece7621a7618ca227cc73252d17c894ca83838a36.webp,1,yes,3,Gạch KIS - Phổ An\IPK6601.jpg || Gạch KIS - Phổ An\Web\IPK6601.jpg || Gạch KIS - Phổ An\MAP\IPK6601.jpg,
1854,IPK6602,Gạch 600x600mm Mờ,Phổ An,https://sbphnbtbetilifomsysa.supabase.co/storage/v1/object/public/crm-images/crm/f0d984c3fcbbe9c40668d70278b908cef23209c95e5303b6ac5f227e7af5786f.webp,1,yes,3,Gạch KIS - Phổ An\IPK6602.jpg || Gạch KIS - Phổ An\Web\IPK6602.jpg || Gạch KIS - Phổ An\MAP\IPK6602.jpg,
1855,IPK6603,Gạch 600x600mm Mờ,Phổ An,https://sbphnbtbetilifomsysa.supabase.co/storage/v1/object/public/crm-images/crm/1795591b14c64140cc380dd499e39e4fb567f848cfcd9c3386622c2a346e2033.webp,1,yes,3,Gạch KIS - Phổ An\IPK6603.jpg || Gạch KIS - Phổ An\Web\IPK6603.jpg || Gạch KIS - Phổ An\MAP\IPK6603.jpg,
1856,IPK6604,Gạch 600x600mm Mờ,Phổ An,https://sbphnbtbetilifomsysa.supabase.co/storage/v1/object/public/crm-images/crm/510ec0d995e832cc4f08e8e2a07f5d99be96805abbd376b979bb150d88df1d40.webp,1,yes,3,Gạch KIS - Phổ An\IPK6604.jpg || Gạch KIS - Phổ An\Web\IPK6604.jpg || Gạch KIS - Phổ An\MAP\IPK6604.jpg,
1857,IPK6605,Gạch 600x600mm Mờ,Phổ An,https://sbphnbtbetilifomsysa.supabase.co/storage/v1/object/public/crm-images/crm/98888ed2670f7c7a0fa9654e3b2cd5e73b850ff17bf7d816abc63d243e53f674.webp,1,yes,3,Gạch KIS - Phổ An\IPK6605.jpg || Gạch KIS - Phổ An\Web\IPK6605.jpg || Gạch KIS - Phổ An\MAP\IPK6605.jpg,
1858,IPK6607,Gạch 600x600mm Mờ,Phổ An,https://sbphnbtbetilifomsysa.supabase.co/storage/v1/object/public/crm-images/crm/de024719e502db903d61c38c8d4bc25f018f8c041cf7f38f2f699230b8875a72.webp,1,yes,3,Gạch KIS - Phổ An\IPK6607.jpg || Gạch KIS - Phổ An\Web\IPK6607.jpg || Gạch KIS - Phổ An\MAP\IPK6607.jpg,
1859,IPK6608,Gạch 600x600mm Nhám Mờ,Phổ An,https://sbphnbtbetilifomsysa.supabase.co/storage/v1/object/public/crm-images/crm/aa9556e97ead145d2733e9f890e7c27eff92e5171e13bc92cd3e147ea852a06d.webp,1,yes,3,Gạch KIS - Phổ An\IPK6608.jpg || Gạch KIS - Phổ An\Web\IPK6608.jpg || Gạch KIS - Phổ An\MAP\IPK6608.jpg,
1860,IPK6609,Gạch 600x600mm Nhám Mờ,Phổ An,https://sbphnbtbetilifomsysa.supabase.co/storage/v1/object/public/crm-images/crm/f88c74675f51f87f8d75b5e9c234a47081d3df31b633ee43d630d1a32918c5b0.webp,1,yes,3,Gạch KIS - Phổ An\IPK6609.jpg || Gạch KIS - Phổ An\Web\IPK6609.jpg || Gạch KIS - Phổ An\MAP\IPK6609.jpg,
1861,IPK6610,Gạch 600x600mm Mờ,Phổ An,https://sbphnbtbetilifomsysa.supabase.co/storage/v1/object/public/crm-images/crm/e1aa9ddd721c8d05284ec028727ff666589c43051425ccc8075b552f0195630e.webp,1,no,0,,
1862,IPK6611,Gạch 600x600mm Mờ,Phổ An,https://sbphnbtbetilifomsysa.supabase.co/storage/v1/object/public/crm-images/crm/c847ab9e5e2c9d3a2d41cb626bdf401c3555abd9def40a29a6012d59dc1e33f0.webp,1,no,0,,
1863,IPK6612,Gạch 600x600mm Mờ,Phổ An,https://sbphnbtbetilifomsysa.supabase.co/storage/v1/object/public/crm-images/crm/0558f8c083032bca0f71400ac3fa6ae51772fc1c9c20065bc2695fb5c5c92504.webp,1,no,0,,
1864,IPK6613,Gạch 600x600mm Mờ,Phổ An,https://sbphnbtbetilifomsysa.supabase.co/storage/v1/object/public/crm-images/crm/bc9e37e6bfae941f0b1dffba2be3e8b99639b04d6a683b722ef691284b4880d9.webp,1,no,0,,
1865,IPK6614,Gạch 600x600mm Mờ,Phổ An,https://sbphnbtbetilifomsysa.supabase.co/storage/v1/object/public/crm-images/crm/542f0bc38ab9eeda0b9b094143f69f8e3c74972035ab5e309db3263b796fb005.webp,1,no,0,,
1866,IPK6615,Gạch 600x600mm Mờ,Phổ An,https://sbphnbtbetilifomsysa.supabase.co/storage/v1/object/public/crm-images/crm/0a628a8541852cc4ac4b7b9141e511a89e0d5075a86fe3cbbb39d695757a5a34.webp,1,no,0,,
1867,IPK6630-S,Gạch 600x600mm Be Nhám Cát,Phổ An,https://sbphnbtbetilifomsysa.supabase.co/storage/v1/object/public/crm-images/crm/c761eaecddcf722b79d840ac4f47084a0afef45bdff5be8792c28e1fe9d423c0.webp,1,yes,3,Gạch KIS - Phổ An\IPK6630-S.jpg || Gạch KIS - Phổ An\Web\IPK6630-S.jpg || Gạch KIS - Phổ An\MAP\IPK6630-S.jpg,
1868,IPK6631-S,Gạch 600x600mm Xám Nhám Cát,Phổ An,https://sbphnbtbetilifomsysa.supabase.co/storage/v1/object/public/crm-images/crm/b67039dd52b2915e48209b8cf714fd80156b911979ca39f9a2a5d92d6d97322e.webp,1,yes,3,Gạch KIS - Phổ An\IPK6631-S.jpg || Gạch KIS - Phổ An\Web\IPK6631-S.jpg || Gạch KIS - Phổ An\MAP\IPK6631-S.jpg,
1869,IPK6632-S,Gạch 600x600mm Xám Đậm Nhám Cát,Phổ An,https://sbphnbtbetilifomsysa.supabase.co/storage/v1/object/public/crm-images/crm/273ea6961b78279867f82c1cc46f8cfe1d328da57ccdb2d9ff1d65663374a184.webp,1,yes,3,Gạch KIS - Phổ An\IPK6632-S.jpg || Gạch KIS - Phổ An\Web\IPK6632-S.jpg || Gạch KIS - Phổ An\MAP\IPK6632-S.jpg,
1870,IPK6633,Gạch 600x600mm Trắng Nhám,Phổ An,https://sbphnbtbetilifomsysa.supabase.co/storage/v1/object/public/crm-images/crm/5c9c9551f48e787c8dc7f7c36113719f7e7f23d9dc98f3f4e229c899616cf342.webp,1,yes,3,Gạch KIS - Phổ An\IPK6633.jpg || Gạch KIS - Phổ An\Web\IPK6633.jpg || Gạch KIS - Phổ An\MAP\IPK6633.jpg,
1871,IPK6634,Gạch 600x600mm Đen Nhám,Phổ An,https://sbphnbtbetilifomsysa.supabase.co/storage/v1/object/public/crm-images/crm/2d5c335a9f7bcff519b2a40f0515edf75f761b4b7f7e7de338ce3e3f9d6c3ce7.webp,1,yes,3,Gạch KIS - Phổ An\IPK6634.jpg || Gạch KIS - Phổ An\Web\IPK6634.jpg || Gạch KIS - Phổ An\MAP\IPK6634.jpg,
1872,IPK8801,Gạch 800x800mm Mờ,Phổ An,https://sbphnbtbetilifomsysa.supabase.co/storage/v1/object/public/crm-images/crm/cd4e66987b9a34d2718102d5959e05e2fdadfbd81e1e5d9b8943df5b64d65f68.webp,3,yes,3,Gạch KIS - Phổ An\hình gốc\IPK8801 map.jpg || Gạch KIS - Phổ An\hình gốc\IPK8801 r.jpg || Gạch KIS - Phổ An\hình gốc\IPK8801.jpg,
1873,IPK8802,Gạch 800x800mm Mờ,Phổ An,https://sbphnbtbetilifomsysa.supabase.co/storage/v1/object/public/crm-images/crm/81b1d0f3293e35334456b99b1445a60f1844b246ba333321fe8911a2bcc65eee.webp,2,yes,3,Gạch KIS - Phổ An\hình gốc\IPK8802 map.jpg || Gạch KIS - Phổ An\hình gốc\IPK8802 r.jpg || Gạch KIS - Phổ An\hình gốc\IPK8802.jpg,
1874,IPK8810,Gạch 800x800mm Mờ,Phổ An,https://sbphnbtbetilifomsysa.supabase.co/storage/v1/object/public/crm-images/crm/591853405f974cbc39c5520222cee83bc4e9e180b19228eadbd44fa88dfb4fa0.webp,3,yes,3,Gạch KIS - Phổ An\hình gốc\IPK8810 map.jpg || Gạch KIS - Phổ An\hình gốc\IPK8810 r.jpg || Gạch KIS - Phổ An\hình gốc\IPK8810.jpg,
1921,IT15901,Gạch 150x900mm Mờ,Tiến Thành,https://sbphnbtbetilifomsysa.supabase.co/storage/v1/object/public/crm-images/crm/2239dbaa89357147ad433fa08ab008da9632e09f210fb63d79aef948d4caf5e5.webp,2,yes,4,Gạch Tiến Thành\Gạch Gỗ\IT15901.jpg || Gạch Tiến Thành\Gạch Gỗ\IT15901_2.jpg || Gạch Tiến Thành\Gạch Gỗ\hình gốc\IT15901.jpg || Gạch Tiến Thành\Gạch Gỗ\hình gốc\IT15901_2.jpg,
1922,IT15902,Gạch 150x900mm Mờ,Tiến Thành,https://sbphnbtbetilifomsysa.supabase.co/storage/v1/object/public/crm-images/crm/bfeafc3f9d60e7c6dd51486f676f12c88c8c76f383b69f4d0c34d821363ccbc1.webp,2,yes,4,Gạch Tiến Thành\Gạch Gỗ\IT15902.jpg || Gạch Tiến Thành\Gạch Gỗ\IT15902_2.jpg || Gạch Tiến Thành\Gạch Gỗ\hình gốc\IT15902.jpg || Gạch Tiến Thành\Gạch Gỗ\hình gốc\IT15902_2.jpg,
1923,IT15903,Gạch 150x900mm Mờ,Tiến Thành,https://sbphnbtbetilifomsysa.supabase.co/storage/v1/object/public/crm-images/crm/45bfcee693b596ab36d4660a0d31d0ac6dbb9f99c47673e41102fa8b87e67f79.webp,2,yes,4,Gạch Tiến Thành\Gạch Gỗ\IT15903.jpg || Gạch Tiến Thành\Gạch Gỗ\IT15903_2.jpg || Gạch Tiến Thành\Gạch Gỗ\hình gốc\IT15903.jpg || Gạch Tiến Thành\Gạch Gỗ\hình gốc\IT15903_2.jpg,
1924,IT21001,Gạch 200x1000mm Mờ,Tiến Thành,https://sbphnbtbetilifomsysa.supabase.co/storage/v1/object/public/crm-images/crm/1e527554d32d0b0dec7b8a34b81c5baa9c01fc5a41b37b502747ade9bc1f7bb6.webp,2,yes,4,Gạch Tiến Thành\Gạch Gỗ\IT21001.jpg || Gạch Tiến Thành\Gạch Gỗ\IT21001_2.jpg || Gạch Tiến Thành\Gạch Gỗ\hình gốc\IT21001.jpg || Gạch Tiến Thành\Gạch Gỗ\hình gốc\IT21001_2.jpg,
1925,IT21002,Gạch 200x1000mm Mờ,Tiến Thành,https://sbphnbtbetilifomsysa.supabase.co/storage/v1/object/public/crm-images/crm/8778c9365d12fa092edfa53f9db6cbfc93d9de4b1b8e0441c94ae5f11d8870fb.webp,2,yes,4,Gạch Tiến Thành\Gạch Gỗ\IT21002.jpg || Gạch Tiến Thành\Gạch Gỗ\IT21002_2.jpg || Gạch Tiến Thành\Gạch Gỗ\hình gốc\IT21002.jpg || Gạch Tiến Thành\Gạch Gỗ\hình gốc\IT21002_2.jpg,
1926,IT21003,Gạch 200x1000mm Mờ,Tiến Thành,https://sbphnbtbetilifomsysa.supabase.co/storage/v1/object/public/crm-images/crm/25ab9f42cfbba7bfad1f894d80ecfb685b993306865cf79f60979de19e62d5f3.webp,2,yes,4,Gạch Tiến Thành\Gạch Gỗ\IT21003.jpg || Gạch Tiến Thành\Gạch Gỗ\IT21003_2.jpg || Gạch Tiến Thành\Gạch Gỗ\hình gốc\IT21003.jpg || Gạch Tiến Thành\Gạch Gỗ\hình gốc\IT21003_2.jpg,
1927,IT61201,Gạch 600x1200mm Mờ,Tiến Thành,https://sbphnbtbetilifomsysa.supabase.co/storage/v1/object/public/crm-images/crm/b24a7bd63838cf42a11913be03cc7f08064189d59422a324bea0f764f1d236fe.webp,6,yes,8,Gạch Tiến Thành\Gạch Gỗ\IT61201.jpg || Gạch Tiến Thành\Gạch Gỗ\PHỐI CẢNH XƯƠNG CÁ 600X1200MM\IT61201 (2).jpg || Gạch Tiến Thành\Gạch Gỗ\PHỐI CẢNH XƯƠNG CÁ 600X1200MM\IT61201 (3).jpg || Gạch Tiến Thành\Gạch Gỗ\PHỐI CẢNH XƯƠNG CÁ 600X1200MM\IT61201 (4).jpg || Gạch Tiến Thành\Gạch Gỗ\PHỐI CẢNH XƯƠNG CÁ 600X1200MM\IT61201 (5).jpg || Gạch Tiến Thành\Gạch Gỗ\PHỐI CẢNH XƯƠNG CÁ 600X1200MM\IT61201 (6).jpg || Gạch Tiến Thành\Gạch Gỗ\MAP\IT61201.jpg || Gạch Tiến Thành\Gạch Gỗ\hình gốc\IT61201.jpg,
1928,IT61202,Gạch 600x1200mm Mờ,Tiến Thành,https://sbphnbtbetilifomsysa.supabase.co/storage/v1/object/public/crm-images/crm/4253dccc831d48a43d839576ed18f1427f71a303de3c2a2f807777698df803f9.webp,6,yes,8,Gạch Tiến Thành\Gạch Gỗ\IT61202.jpg || Gạch Tiến Thành\Gạch Gỗ\PHỐI CẢNH XƯƠNG CÁ 600X1200MM\IT61202 (1).jpg || Gạch Tiến Thành\Gạch Gỗ\PHỐI CẢNH XƯƠNG CÁ 600X1200MM\IT61202 (3).jpg || Gạch Tiến Thành\Gạch Gỗ\PHỐI CẢNH XƯƠNG CÁ 600X1200MM\IT61202 (4).jpg || Gạch Tiến Thành\Gạch Gỗ\PHỐI CẢNH XƯƠNG CÁ 600X1200MM\IT61202 (5).jpg || Gạch Tiến Thành\Gạch Gỗ\PHỐI CẢNH XƯƠNG CÁ 600X1200MM\IT61202 (6).jpg || Gạch Tiến Thành\Gạch Gỗ\MAP\IT61202.jpg || Gạch Tiến Thành\Gạch Gỗ\hình gốc\IT61202.jpg,
1929,IT61203,Gạch 600x1200mm Mờ,Tiến Thành,https://sbphnbtbetilifomsysa.supabase.co/storage/v1/object/public/crm-images/crm/a8a04737ddd7071bb682bd392e0fce5b3b6380c31349d747af080370fb28f7a9.webp,4,yes,6,Gạch Tiến Thành\Gạch Gỗ\IT61203.jpg || Gạch Tiến Thành\Gạch Gỗ\PHỐI CẢNH XƯƠNG CÁ 600X1200MM\IT61203 (1).jpg || Gạch Tiến Thành\Gạch Gỗ\PHỐI CẢNH XƯƠNG CÁ 600X1200MM\IT61203 (3).jpg || Gạch Tiến Thành\Gạch Gỗ\PHỐI CẢNH XƯƠNG CÁ 600X1200MM\IT61203 (4).jpg || Gạch Tiến Thành\Gạch Gỗ\MAP\IT61203.jpg || Gạch Tiến Thành\Gạch Gỗ\hình gốc\IT61203.jpg,
1930,IT61204,Gạch 600x1200mm Mờ,Tiến Thành,https://sbphnbtbetilifomsysa.supabase.co/storage/v1/object/public/crm-images/crm/265642773972914ecc2f7d32cdacaec4153fdf01cdb9a00fa66dcc68664b3ee1.webp,6,yes,10,gạch ốp lát - tháng 10\IT61204 - IK61202.jpg || Gạch Tiến Thành\Gạch Gỗ\IT61204.jpg || Gạch Tiến Thành\Gạch Gỗ\PHỐI CẢNH XƯƠNG CÁ 600X1200MM\IT61204 (1).jpg || Gạch Tiến Thành\Gạch Gỗ\PHỐI CẢNH XƯƠNG CÁ 600X1200MM\IT61204 (3).jpg || Gạch Tiến Thành\Gạch Gỗ\PHỐI CẢNH XƯƠNG CÁ 600X1200MM\IT61204 (4).jpg || Gạch Tiến Thành\Gạch Gỗ\PHỐI CẢNH XƯƠNG CÁ 600X1200MM\IT61204 (5).jpg || Gạch Tiến Thành\Gạch Gỗ\PHỐI CẢNH XƯƠNG CÁ 600X1200MM\IT61204 (6).jpg || Gạch Tiến Thành\Gạch Gỗ\MAP\IT61204.jpg || Gạch Tiến Thành\Gạch Gỗ\hình gốc\IT61204.jpg || Gạch Kiệt Anh\IT61204 - IK61202.jpg,
1931,IT61205,Gạch 600x1200mm Mờ,Tiến Thành,https://sbphnbtbetilifomsysa.supabase.co/storage/v1/object/public/crm-images/crm/c4c3f4722c10f5db9099716902bf1d300f475989b4225a1cd0110ec07aa9689a.webp,3,yes,6,Gạch Tiến Thành\Gạch Marble\IT61205 - 1.jpg || Gạch Tiến Thành\Gạch Marble\IT61205 - 2.jpg || Gạch Tiến Thành\Gạch Marble\IT61205.jpg || Gạch Tiến Thành\Gạch Marble\hình raw\IT61205 - 1.jpg || Gạch Tiến Thành\Gạch Marble\hình raw\IT61205 - 2.jpg || Gạch Tiến Thành\Gạch Marble\hình raw\IT61205.jpg,
1932,IT61206,Gạch 600x1200mm Mờ,Tiến Thành,https://sbphnbtbetilifomsysa.supabase.co/storage/v1/object/public/crm-images/crm/a76a44673ab39d146e015345c86350be704a99c8b3ea86e104ae2765dd381274.webp,3,yes,6,Gạch Tiến Thành\Gạch Marble\IT61206 - 1.jpg || Gạch Tiến Thành\Gạch Marble\IT61206 - 2.jpg || Gạch Tiến Thành\Gạch Marble\IT61206.jpg || Gạch Tiến Thành\Gạch Marble\hình raw\IT61206 - 1.jpg || Gạch Tiến Thành\Gạch Marble\hình raw\IT61206 - 2.jpg || Gạch Tiến Thành\Gạch Marble\hình raw\IT61206.jpg,
1933,IT61207,Gạch 600x1200mm Mờ,Tiến Thành,https://sbphnbtbetilifomsysa.supabase.co/storage/v1/object/public/crm-images/crm/f391987b418fc9fece0f77214577b711c565938ebd73d59109f724cacbdfeb7e.webp,3,yes,6,Gạch Tiến Thành\Gạch Marble\IT61207 - 1.jpg || Gạch Tiến Thành\Gạch Marble\IT61207 - 2.jpg || Gạch Tiến Thành\Gạch Marble\IT61207.jpg || Gạch Tiến Thành\Gạch Marble\hình raw\IT61207 - 1.jpg || Gạch Tiến Thành\Gạch Marble\hình raw\IT61207 - 2.jpg || Gạch Tiến Thành\Gạch Marble\hình raw\IT61207.jpg,
1721,IW61201,Gạch 600x1200mm Mờ,DCL,https://sbphnbtbetilifomsysa.supabase.co/storage/v1/object/public/crm-images/crm/cff64ab65d89b905be16fe77841a7284373f73cef720df8896e9f674d5c10faf.webp,1,no,0,,
1722,IW61202,Gạch 600x1200mm Mờ,DCL,https://sbphnbtbetilifomsysa.supabase.co/storage/v1/object/public/crm-images/crm/fde3b8571bce12ecab291a45519048dd88e3cf0ad4dba6c99c402ac20fbf42bd.webp,1,no,0,,
1723,IW61203,Gạch 600x1200mm Mờ,DCL,https://sbphnbtbetilifomsysa.supabase.co/storage/v1/object/public/crm-images/crm/16a9ee5cfb5fd4759a44a948ae4311bc26c9280021e1824ba23c2c30d5624dd5.webp,1,no,0,,
1724,IW61204,Gạch 600x1200mm Mờ,DCL,https://sbphnbtbetilifomsysa.supabase.co/storage/v1/object/public/crm-images/crm/ff3f6ce6c57a6954cd3cfe9b44700c31604301a8b9028f88ebdbd3ccef442b2b.webp,1,no,0,,
1725,IW61205,Gạch 600x1200mm Mờ,DCL,https://sbphnbtbetilifomsysa.supabase.co/storage/v1/object/public/crm-images/crm/88ea695d4aac324032a1667a4690b2b9cb7dd06d3e4786308c6531163c33129b.webp,1,no,0,,
1726,IW61206,Gạch 600x1200mm Mờ,DCL,https://sbphnbtbetilifomsysa.supabase.co/storage/v1/object/public/crm-images/crm/163fe3ed3f9f68974015c413db8aad4de726843f3c1e13ebd01eee80704a8f70.webp,1,no,0,,
1727,IW61207,Gạch 600x1200mm Mờ,DCL,https://sbphnbtbetilifomsysa.supabase.co/storage/v1/object/public/crm-images/crm/fdee266df992e622ed77574e40019a32a2441edc67f287dc4196476788c61a75.webp,1,no,0,,
1729,IW61209,Gạch 600x1200mm Mờ,DCL,https://sbphnbtbetilifomsysa.supabase.co/storage/v1/object/public/crm-images/crm/e17207a1515a1b9ddbb72f42f1b001e5cfb4f7282f39df9977b5fbd7d6a38315.webp,1,no,0,,
1730,IW61210,Gạch 600x1200mm Mờ,DCL,https://sbphnbtbetilifomsysa.supabase.co/storage/v1/object/public/crm-images/crm/4a125cd29b595627cb3c5a3f9d6bb446beac19123cd6476f8d46ceb50157900f.webp,1,no,0,,
1731,IW6601,Gạch 600x600mm Mờ,DCL,https://sbphnbtbetilifomsysa.supabase.co/storage/v1/object/public/crm-images/crm/b1fc59b85da8930fef5d5ffa2f992313474d09b70121f5c2cb35197048a41063.webp,1,no,0,,
1732,IW6602,Gạch 600x600mm Mờ,DCL,https://sbphnbtbetilifomsysa.supabase.co/storage/v1/object/public/crm-images/crm/91b037688d1f33d00aae488bf2b23d5c44ef8ad2e0c5840ec69bf11cdfd95580.webp,1,no,0,,
1733,IW6603,Gạch 600x600mm Mờ,DCL,https://sbphnbtbetilifomsysa.supabase.co/storage/v1/object/public/crm-images/crm/c9284b061bd9050c2ff8c9d01b7a1ed971d7708ee90dbb655c140844ffcd78f7.webp,1,no,0,,
1734,IW6604,Gạch 600x600mm Mờ,DCL,https://sbphnbtbetilifomsysa.supabase.co/storage/v1/object/public/crm-images/crm/fdee266df992e622ed77574e40019a32a2441edc67f287dc4196476788c61a75.webp,1,no,0,,
1735,IW6605,Gạch 600x600mm Mờ,DCL,https://sbphnbtbetilifomsysa.supabase.co/storage/v1/object/public/crm-images/crm/f2b37652c88a8958351be745b71e008af93518f91d24dc204ceab6c75ee04163.webp,1,no,0,,
1736,IW6606,Gạch 600x600mm Mờ,DCL,https://sbphnbtbetilifomsysa.supabase.co/storage/v1/object/public/crm-images/crm/cb2fbdb3cfc4cecd9173b032dd808c069350dfcb74ae1b7b1b1fc8383ddf7c03.webp,1,no,0,,
1737,IW6607,Gạch 600x600mm Mờ,DCL,https://sbphnbtbetilifomsysa.supabase.co/storage/v1/object/public/crm-images/crm/9fcd6c4eaa8f7e636c5b8d7f94421ddff245517f773f52f42199d46076d46e7c.webp,1,no,0,,
1738,IW6608,Gạch 600x600mm Mờ,DCL,https://sbphnbtbetilifomsysa.supabase.co/storage/v1/object/public/crm-images/crm/571398cdda91c56bb6b8d972aeb09afdf607e59ff4722596fadcbd56fcfdd751.webp,1,no,0,,
1739,IW6609,Gạch 600x600mm Mờ,DCL,https://sbphnbtbetilifomsysa.supabase.co/storage/v1/object/public/crm-images/crm/fe4a65161f0917a1a07972e807ffc2120242e1e60a4dcd9133818c5192c08c34.webp,1,no,0,,
1740,IW6610,Gạch 600x600mm Mờ,DCL,https://sbphnbtbetilifomsysa.supabase.co/storage/v1/object/public/crm-images/crm/349e656e1e8de85f7a15ef91c424575e62faf7ce1faff49f2cee67252cb0c80d.webp,1,no,0,,
1780,IZA15901,Gạch 150x900mm Mờ,Kim Hương,https://sbphnbtbetilifomsysa.supabase.co/storage/v1/object/public/crm-images/crm/fb3c1f5a225eb3e955d46a6fa386b16bf291fc6668ab7db6ca67453df52d6671.webp,1,no,0,,
1781,IZA15902,Gạch 150x900mm Mờ,Kim Hương,https://sbphnbtbetilifomsysa.supabase.co/storage/v1/object/public/crm-images/crm/1f643ca768d6750ccb175c052d41f37f20425b0882c4b6a2ddbea969f9d59096.webp,1,no,0,,
1782,IZA15903,Gạch 150x900mm Mờ,Kim Hương,https://sbphnbtbetilifomsysa.supabase.co/storage/v1/object/public/crm-images/crm/efd819009c687987f309d62fd4570d6b78f81a209eb034ec3b46de77f18dc0af.webp,1,no,0,,
1783,IZA15904,Gạch 150x900mm Mờ,Kim Hương,https://sbphnbtbetilifomsysa.supabase.co/storage/v1/object/public/crm-images/crm/3ae8ebc8b78ed179680b7f664bbb89801967c829a41681679d648a9925f9c4f8.webp,1,no,0,,
1784,IZA15905,Gạch 150x900mm Mờ,Kim Hương,https://sbphnbtbetilifomsysa.supabase.co/storage/v1/object/public/crm-images/crm/4c20ec4148b473b1afcf2b347442409689d8e2b727da290463d4dd4d645ef6c4.webp,1,no,0,,
1785,IZA15906,Gạch 150x900mm Mờ,Kim Hương,https://sbphnbtbetilifomsysa.supabase.co/storage/v1/object/public/crm-images/crm/3a6e0162f41b4f371ef311558dff700791fac82eb7d58dfc50d757c69de84bd7.webp,1,no,0,,
1786,IZA15907,Gạch 150x900mm Mờ,Kim Hương,https://sbphnbtbetilifomsysa.supabase.co/storage/v1/object/public/crm-images/crm/9b8ddd20c997670307c7e5bc618d5c2252d4bfb15d703172e7838cbae1b7b263.webp,1,no,0,,
1787,IZA15908,Gạch 150x900mm Mờ,Kim Hương,https://sbphnbtbetilifomsysa.supabase.co/storage/v1/object/public/crm-images/crm/c63d790f4dcc5c154af37ccb9c1b831c5871208faf2e147509af42f7ed6b2cee.webp,1,no,0,,
1788,IZA15909,Gạch 150x900mm Mờ,Kim Hương,https://sbphnbtbetilifomsysa.supabase.co/storage/v1/object/public/crm-images/crm/28aba80b43b56b9e2d06a7cec55331d123a095d6edf28106ea4050312de10c4d.webp,1,no,0,,
1789,IZA15910,Gạch 150x900mm Mờ,Kim Hương,https://sbphnbtbetilifomsysa.supabase.co/storage/v1/object/public/crm-images/crm/d3a53fec81753c813444bc505debc97443f8ec6a78916376e59a420940e40d0c.webp,1,no,0,,
1790,IZA15911,Gạch 150x900mm Mờ,Kim Hương,https://sbphnbtbetilifomsysa.supabase.co/storage/v1/object/public/crm-images/crm/ee3bbf281a15ee63b5e1f863d86a016355fa2c22e931e97658e44c07329fe63b.webp,1,no,0,,
1791,IZA3601,Gạch 300x600mm Mờ,Kim Hương,https://sbphnbtbetilifomsysa.supabase.co/storage/v1/object/public/crm-images/crm/f75503f90fbdc6af83497053ded377a033b781862d803113dfbfe9683b76797f.webp,1,yes,2,Gạch Kim Hương\IZA3601.png || Gạch Kim Hương\Kích thước nhỏ\IZA3601.jpeg,
1792,IZA3602,Gạch 300x600mm Mờ,Kim Hương,https://sbphnbtbetilifomsysa.supabase.co/storage/v1/object/public/crm-images/crm/e0b0000b728e4b56877438edac841fbf20b9c6f95c6db9c795f6100d540f9ec8.webp,1,yes,2,Gạch Kim Hương\IZA3602.png || Gạch Kim Hương\Kích thước nhỏ\IZA3602.jpeg,
1793,IZA3603,Gạch 300x600mm Mờ,Kim Hương,https://sbphnbtbetilifomsysa.supabase.co/storage/v1/object/public/crm-images/crm/3c2fd11e8540c27fc58ff7d7772fca6a10c2459637d862987ba9526871952858.webp,1,yes,2,Gạch Kim Hương\IZA3603.png || Gạch Kim Hương\Kích thước nhỏ\IZA3603.jpeg,
1794,IZA3604,Gạch 300x600mm Mờ,Kim Hương,https://sbphnbtbetilifomsysa.supabase.co/storage/v1/object/public/crm-images/crm/a02d31d1c67a8a7c7789b18c456e5a1b6607677546a234bf485e854e15e7b025.webp,1,yes,2,Gạch Kim Hương\IZA3604.png || Gạch Kim Hương\Kích thước nhỏ\IZA3604.jpeg,
1795,IZA3605,Gạch 300x600mm Mờ,Kim Hương,https://sbphnbtbetilifomsysa.supabase.co/storage/v1/object/public/crm-images/crm/7614e6da8b50a5ecf8534706d5a57bc0e6c8eb04f886120a16b4cfea3f3df717.webp,1,yes,2,Gạch Kim Hương\IZA3605.png || Gạch Kim Hương\Kích thước nhỏ\IZA3605.jpeg,
1796,IZA3606,Gạch 300x600mm Mờ,Kim Hương,https://sbphnbtbetilifomsysa.supabase.co/storage/v1/object/public/crm-images/crm/6d6cd6a8cba6a4ced6871c6f4ed01d0dc495fe414edbe0393f3df3c153dcb9a3.webp,1,yes,2,Gạch Kim Hương\IZA3606.png || Gạch Kim Hương\Kích thước nhỏ\IZA3606.jpeg,
1797,IZA3607,Gạch 300x600mm Mờ,Kim Hương,https://sbphnbtbetilifomsysa.supabase.co/storage/v1/object/public/crm-images/crm/45933208fd0deb178047b7f14f4657bb0646ef19be268aa1042fa31ae5a625c0.webp,1,yes,2,Gạch Kim Hương\IZA3607.png || Gạch Kim Hương\Kích thước nhỏ\IZA3607.jpeg,
1798,IZA3608,Gạch 300x600mm Mờ,Kim Hương,https://sbphnbtbetilifomsysa.supabase.co/storage/v1/object/public/crm-images/crm/2996f8d4c4a3a0320f268de76f71a6e3bb22e9089c9c84dea88f384f54f5500d.webp,1,yes,2,Gạch Kim Hương\IZA3608.png || Gạch Kim Hương\Kích thước nhỏ\IZA3608.jpeg,
1799,IZA3609,Gạch 300x600mm Mờ,Kim Hương,https://sbphnbtbetilifomsysa.supabase.co/storage/v1/object/public/crm-images/crm/d5b777b4f6e1e7952ddbb40069a18cee56d2777d48ba3b16802d49794ee45f68.webp,3,yes,6,gạch ốp lát - tháng 10\IZA3609 (1).jpg || gạch ốp lát - tháng 10\IZA3609 (2).jpg || gạch ốp lát - tháng 10\IZA3609.jpg || Gạch Kim Hương\IZA3609 (1).jpg || Gạch Kim Hương\IZA3609 (2).jpg || Gạch Kim Hương\IZA3609.jpg,
1800,IZA3610,Gạch 300x600mm Mờ,Kim Hương,https://sbphnbtbetilifomsysa.supabase.co/storage/v1/object/public/crm-images/crm/4bb4408920d30e24ce71a506eb5eb1e62c080af7d7b257999656100870c1456f.webp,4,yes,8,gạch ốp lát - tháng 10\IZA3610 (1).jpg || gạch ốp lát - tháng 10\IZA3610 (2).jpg || gạch ốp lát - tháng 10\IZA3610 (3).jpg || gạch ốp lát - tháng 10\IZA3610.jpg || Gạch Kim Hương\IZA3610 (1).jpg || Gạch Kim Hương\IZA3610 (2).jpg || Gạch Kim Hương\IZA3610 (3).jpg || Gạch Kim Hương\IZA3610.jpg,
1801,IZA3611,Gạch 300x600mm Mờ,Kim Hương,https://sbphnbtbetilifomsysa.supabase.co/storage/v1/object/public/crm-images/crm/c503a62da99c20d805f3a2c4d6346d9e7092360165c6e1339a7ff3547a83eaae.webp,4,yes,8,gạch ốp lát - tháng 10\IZA3611 (1).jpg || gạch ốp lát - tháng 10\IZA3611 (2).jpg || gạch ốp lát - tháng 10\IZA3611 (3).jpg || gạch ốp lát - tháng 10\IZA3611 (4).jpg || Gạch Kim Hương\IZA3611 (1).jpg || Gạch Kim Hương\IZA3611 (2).jpg || Gạch Kim Hương\IZA3611 (3).jpg || Gạch Kim Hương\IZA3611 (4).jpg,
1802,IZA3612,Gạch 300x600mm Mờ,Kim Hương,https://sbphnbtbetilifomsysa.supabase.co/storage/v1/object/public/crm-images/crm/ffddeee23960e5d47bd61ebb120d1d127bf4c815fd559606a918db3e3bef277a.webp,4,yes,8,gạch ốp lát - tháng 10\IZA3612 (1).jpg || gạch ốp lát - tháng 10\IZA3612 (2).jpg || gạch ốp lát - tháng 10\IZA3612 (3).jpg || gạch ốp lát - tháng 10\IZA3612.jpg || Gạch Kim Hương\IZA3612 (1).jpg || Gạch Kim Hương\IZA3612 (2).jpg || Gạch Kim Hương\IZA3612 (3).jpg || Gạch Kim Hương\IZA3612.jpg,
1803,IZA3613,Gạch 300x600mm Mờ,Kim Hương,https://sbphnbtbetilifomsysa.supabase.co/storage/v1/object/public/crm-images/crm/40bfad1224bc88692bf9ee3bc18f93ee8234550ec077c730a79647a99ed3bce0.webp,4,yes,8,gạch ốp lát - tháng 10\IZA3613 (1).jpg || gạch ốp lát - tháng 10\IZA3613 (2).jpg || gạch ốp lát - tháng 10\IZA3613 (3).jpg || gạch ốp lát - tháng 10\IZA3613.jpg || Gạch Kim Hương\IZA3613 (1).jpg || Gạch Kim Hương\IZA3613 (2).jpg || Gạch Kim Hương\IZA3613 (3).jpg || Gạch Kim Hương\IZA3613.jpg,
1804,IZA3614,Gạch 300x600mm Mờ,Kim Hương,https://sbphnbtbetilifomsysa.supabase.co/storage/v1/object/public/crm-images/crm/ea5a87b8bb8ee5933a781d99100cc2e11fd0d0d5041ecb4e6aa69ea58bb1a812.webp,4,yes,8,gạch ốp lát - tháng 10\IZA3614 (1).jpg || gạch ốp lát - tháng 10\IZA3614 (2).jpg || gạch ốp lát - tháng 10\IZA3614 (3).jpg || gạch ốp lát - tháng 10\IZA3614.jpg || Gạch Kim Hương\IZA3614 (1).jpg || Gạch Kim Hương\IZA3614 (2).jpg || Gạch Kim Hương\IZA3614 (3).jpg || Gạch Kim Hương\IZA3614.jpg,
1805,IZA6610,Gạch 600x600mm Mờ,Kim Hương,https://sbphnbtbetilifomsysa.supabase.co/storage/v1/object/public/crm-images/crm/8ef38660b4379089ecda4a74a3f750261970d071b315d7353bf2fc98f357b3b7.webp,1,yes,2,Gạch Kim Hương\IZA6610.png || Gạch Kim Hương\Kích thước nhỏ\IZA6610.jpeg,
1806,IZA6611,Gạch 600x600mm Mờ,Kim Hương,https://sbphnbtbetilifomsysa.supabase.co/storage/v1/object/public/crm-images/crm/9e4fadc0c06d4b6947e06dbaf3c8a852ca35eeebbfb7301f3034cc5c607468df.webp,1,yes,2,Gạch Kim Hương\IZA6611.png || Gạch Kim Hương\Kích thước nhỏ\IZA6611.jpeg,
1807,IZA6612,Gạch 600x600mm Mờ,Kim Hương,https://sbphnbtbetilifomsysa.supabase.co/storage/v1/object/public/crm-images/crm/454a2d7a647ea28aa0d934baf8ea2e4cbb70a95cab1da1eecd6a591c947d112a.webp,1,yes,2,Gạch Kim Hương\IZA6612.png || Gạch Kim Hương\Kích thước nhỏ\IZA6612.jpeg,
1808,IZA6613,Gạch 600x600mm Mờ,Kim Hương,https://sbphnbtbetilifomsysa.supabase.co/storage/v1/object/public/crm-images/crm/3486459d3b53466288637fbf0f38b1dfec8d4aff815b9aff26708f276fa48fe3.webp,1,yes,2,Gạch Kim Hương\IZA6613.png || Gạch Kim Hương\Kích thước nhỏ\IZA6613.jpeg,
1809,IZA6614,Gạch 600x600mm Mờ,Kim Hương,https://sbphnbtbetilifomsysa.supabase.co/storage/v1/object/public/crm-images/crm/16ee526945e96877f50d43b97c435b2d323f73fcb5d9fc13a9daf8fddf684726.webp,1,yes,3,Gạch Kim Hương\IZA6614 (4).jpg || Gạch Kim Hương\IZA6614.png || Gạch Kim Hương\Kích thước nhỏ\IZA6614.jpeg,
1810,IZA6615,Gạch 600x600mm Mờ,Kim Hương,https://sbphnbtbetilifomsysa.supabase.co/storage/v1/object/public/crm-images/crm/492702ff430a7ef1a1d1ca25e0b8c5beb00591bd3dee5b019d45ea30c085badf.webp,1,yes,2,Gạch Kim Hương\IZA6615.png || Gạch Kim Hương\Kích thước nhỏ\IZA6615.jpeg,
1811,IZA6616,Gạch 600x600mm Mờ,Kim Hương,https://sbphnbtbetilifomsysa.supabase.co/storage/v1/object/public/crm-images/crm/ac1177e30c1486499944bc1f7fdce84f7df89ddf40d668b9b5385c9ddc9db897.webp,1,yes,2,Gạch Kim Hương\IZA6616.png || Gạch Kim Hương\Kích thước nhỏ\IZA6616.jpeg,
1812,IZA6617,Gạch 600x600mm Mờ,Kim Hương,https://sbphnbtbetilifomsysa.supabase.co/storage/v1/object/public/crm-images/crm/35c11569f399bd9d382693e46523b0d891d04be517f037329ab99b0be7e92ba0.webp,1,yes,2,Gạch Kim Hương\IZA6617.png || Gạch Kim Hương\Kích thước nhỏ\IZA6617.jpeg,
1814,IZA6619,Gạch 600x600mm Mờ,Kim Hương,https://sbphnbtbetilifomsysa.supabase.co/storage/v1/object/public/crm-images/crm/4e795c2a753471f2d3e16af3f9e762536ab5895c557ba85e91de31def420db9a.webp,4,yes,10,gạch ốp lát - tháng 10\IZA6619 (1).jpg || gạch ốp lát - tháng 10\IZA6619 (2).jpg || gạch ốp lát - tháng 10\IZA6619 (3).jpg || gạch ốp lát - tháng 10\IZA6619 (4).jpg || Gạch Kim Hương\IZA6619 (1).jpg || Gạch Kim Hương\IZA6619 (2).jpg || Gạch Kim Hương\IZA6619 (3).jpg || Gạch Kim Hương\IZA6619 (4).jpg || Gạch Vinagres\2. IZA6619 (1).jpg || Gạch Tesoro\2. IZA6619 (1).jpg,
1815,IZA6620,Gạch 600x600mm Mờ,Kim Hương,https://sbphnbtbetilifomsysa.supabase.co/storage/v1/object/public/crm-images/crm/8c3fbc9528abefdc4d26701b20f9ecc82ce41bfd8d3bed34730052bff57ae330.webp,3,yes,6,gạch ốp lát - tháng 10\IZA6620 (1).jpg || gạch ốp lát - tháng 10\IZA6620 (2).jpg || gạch ốp lát - tháng 10\IZA6620 (3).jpg || Gạch Kim Hương\IZA6620 (1).jpg || Gạch Kim Hương\IZA6620 (2).jpg || Gạch Kim Hương\IZA6620 (3).jpg,
1816,IZA6621,Gạch 600x600mm Mờ,Kim Hương,https://sbphnbtbetilifomsysa.supabase.co/storage/v1/object/public/crm-images/crm/49ef3434e7339da2f193dcaa0fdc79a334527048c4a80636f054665ef377ce5c.webp,3,yes,6,gạch ốp lát - tháng 10\IZA6621 (1).jpg || gạch ốp lát - tháng 10\IZA6621 (2).jpg || gạch ốp lát - tháng 10\IZA6621 (3).jpg || Gạch Kim Hương\IZA6621 (1).jpg || Gạch Kim Hương\IZA6621 (2).jpg || Gạch Kim Hương\IZA6621 (3).jpg,
1817,IZA6622,Gạch 600x600mm Mờ,Kim Hương,https://sbphnbtbetilifomsysa.supabase.co/storage/v1/object/public/crm-images/crm/6e084592a8720118b9638f33cf02e148e55a4f72fecb31e8080003b4a7dad813.webp,4,yes,8,gạch ốp lát - tháng 10\IZA6622 (1).jpg || gạch ốp lát - tháng 10\IZA6622 (2).jpg || gạch ốp lát - tháng 10\IZA6622 (3).jpg || gạch ốp lát - tháng 10\IZA6622 (4).jpg || Gạch Kim Hương\IZA6622 (1).jpg || Gạch Kim Hương\IZA6622 (2).jpg || Gạch Kim Hương\IZA6622 (3).jpg || Gạch Kim Hương\IZA6622 (4).jpg,
1818,IZA6623,Gạch 600x600mm Mờ,Kim Hương,https://sbphnbtbetilifomsysa.supabase.co/storage/v1/object/public/crm-images/crm/f474cca30d2eca3df871ccf4b2c50858f79ca3868de2f59ba39c003329bb3450.webp,4,yes,10,gạch ốp lát - tháng 10\IZA6623 (1).jpg || gạch ốp lát - tháng 10\IZA6623 (2).jpg || gạch ốp lát - tháng 10\IZA6623 (3).jpg || gạch ốp lát - tháng 10\IZA6623 (4).jpg || gạch ốp lát - tháng 10\IZA6623 (5).jpg || Gạch Kim Hương\IZA6623 (1).jpg || Gạch Kim Hương\IZA6623 (2).jpg || Gạch Kim Hương\IZA6623 (3).jpg || Gạch Kim Hương\IZA6623 (4).jpg || Gạch Kim Hương\IZA6623 (5).jpg,
509,MF36Y00C,Gạch 300X600 Giả Thẻ Trắng Hiệu Ứng,Innomat,https://sbphnbtbetilifomsysa.supabase.co/storage/v1/object/public/crm-images/crm/3d17256c19da5f33a3d0564967eaf9d3a270ee422298007b1c7cdb0840670d3d.webp,2,yes,2,GẠCH 30X60\Bộ Mars  400x800mm & 300x600 (16 mẫu)\300x600\MF36Y00C_300x600.jpg || GẠCH 30X60\Bộ Mars  400x800mm & 300x600 (16 mẫu)\300x600\Ghep Dai _ Vuong\MF36Y00C-F.jpg,
510,MF36Y00F,Gạch 300X600 Giả Thẻ Trắng Vuông Hiệu Ứng,Innomat,https://sbphnbtbetilifomsysa.supabase.co/storage/v1/object/public/crm-images/crm/bdbd8da45a5db1ffca042852fd9397b99c237c6a9bd579adee84edcfcfd2601d.webp,1,yes,1,GẠCH 30X60\Bộ Mars  400x800mm & 300x600 (16 mẫu)\300x600\MF36Y00F_300x600.jpg,
511,MF36Y01C,Gạch 300X600 Giả Thẻ Kem Hiệu Ứng,Innomat,https://sbphnbtbetilifomsysa.supabase.co/storage/v1/object/public/crm-images/crm/b8f525b9e128696a412950c4aed9b4def1afc661effdf74c6e94f1e454b4c62d.webp,2,yes,2,GẠCH 30X60\Bộ Mars  400x800mm & 300x600 (16 mẫu)\300x600\MF36Y01C_300x600.jpg || GẠCH 30X60\Bộ Mars  400x800mm & 300x600 (16 mẫu)\300x600\Ghep Dai _ Vuong\MF36Y01C-F.jpg,
512,MF36Y01F,Gạch 300X600 Giả Thẻ Kem Vuông Hiệu Ứng,Innomat,https://sbphnbtbetilifomsysa.supabase.co/storage/v1/object/public/crm-images/crm/c123bd60df643024fe0a00be4b9c0df7be0207b83f665a954f75d34925926bac.webp,1,yes,1,GẠCH 30X60\Bộ Mars  400x800mm & 300x600 (16 mẫu)\300x600\MF36Y01F_300x600.jpg,
513,MF36Y02C,Gạch 300X600 Giả Thẻ Xám Nhạt Hiệu Ứng,Innomat,https://sbphnbtbetilifomsysa.supabase.co/storage/v1/object/public/crm-images/crm/9fac96f57af4e62811818694fa1290bf1f33e23a002696743bd7a5d1cea3948e.webp,2,yes,2,GẠCH 30X60\Bộ Mars  400x800mm & 300x600 (16 mẫu)\300x600\MF36Y02C_300x600.jpg || GẠCH 30X60\Bộ Mars  400x800mm & 300x600 (16 mẫu)\300x600\Ghep Dai _ Vuong\MF36Y02C-F.jpg,
514,MF36Y02F,Gạch 300X600 Giả Thẻ Xám Nhạt Vuông Hiệu Ứng,Innomat,https://sbphnbtbetilifomsysa.supabase.co/storage/v1/object/public/crm-images/crm/9f32e71a5bb1c9a0bd49e2a7292a2bf5d93aebd803824e2a204e1f7db0b6b9d1.webp,1,yes,1,GẠCH 30X60\Bộ Mars  400x800mm & 300x600 (16 mẫu)\300x600\MF36Y02F_300x600.jpg,
515,MF36Y03C,Gạch 300X600 Giả Thẻ Vàng Hiệu Ứng,Innomat,https://sbphnbtbetilifomsysa.supabase.co/storage/v1/object/public/crm-images/crm/090bb0bae57a0d83de43b3cfebc92b5d83da3a9251b90640fe240cca597ffcb1.webp,2,yes,2,GẠCH 30X60\Bộ Mars  400x800mm & 300x600 (16 mẫu)\300x600\MF36Y03C_300x600.jpg || GẠCH 30X60\Bộ Mars  400x800mm & 300x600 (16 mẫu)\300x600\Ghep Dai _ Vuong\MF36Y03C-F.jpg,
516,MF36Y03F,Gạch 300X600 Giả Thẻ Vàng Vuông Hiệu Ứng,Innomat,https://sbphnbtbetilifomsysa.supabase.co/storage/v1/object/public/crm-images/crm/75a650cac589eb59acb45b19f2cf0697be37c389e0287ecb58ec6f63cbdb9385.webp,1,yes,1,GẠCH 30X60\Bộ Mars  400x800mm & 300x600 (16 mẫu)\300x600\MF36Y03F_300x600.jpg,
517,MF36Y04C,Gạch 300X600 Giả Thẻ Đỏ Hiệu Ứng,Innomat,https://sbphnbtbetilifomsysa.supabase.co/storage/v1/object/public/crm-images/crm/d19109f9ee4d827ce124aa157521b28e5b6c53059ce561e505d76c8145fbac61.webp,2,yes,2,GẠCH 30X60\Bộ Mars  400x800mm & 300x600 (16 mẫu)\300x600\MF36Y04C_300x600.jpg || GẠCH 30X60\Bộ Mars  400x800mm & 300x600 (16 mẫu)\300x600\Ghep Dai _ Vuong\MF36Y04C-F.jpg,
518,MF36Y04F,Gạch 300X600 Giả Thẻ Đỏ Vuông Hiệu Ứng,Innomat,https://sbphnbtbetilifomsysa.supabase.co/storage/v1/object/public/crm-images/crm/25746d138d352e70b9ec19c758986454b88629bf91ea36c0b799317778f79ef9.webp,1,yes,1,GẠCH 30X60\Bộ Mars  400x800mm & 300x600 (16 mẫu)\300x600\MF36Y04F_300x600.jpg,
519,MF36Y05C,Gạch 300X600 Giả Thẻ Nâu Hiệu Ứng,Innomat,https://sbphnbtbetilifomsysa.supabase.co/storage/v1/object/public/crm-images/crm/262c58f0484d28133a344f16dd8e09822269d0c15587de68f7fe9dd73ebaf21f.webp,2,yes,2,GẠCH 30X60\Bộ Mars  400x800mm & 300x600 (16 mẫu)\300x600\MF36Y05C_300x600.jpg || GẠCH 30X60\Bộ Mars  400x800mm & 300x600 (16 mẫu)\300x600\Ghep Dai _ Vuong\MF36Y05C-F.jpg,
520,MF36Y05F,Gạch 300X600 Giả Thẻ Nâu Vuông Hiệu Ứng,Innomat,https://sbphnbtbetilifomsysa.supabase.co/storage/v1/object/public/crm-images/crm/419e6256e2af835be43bef618eb5308331a385dc758149d6a025aab5ac268784.webp,1,yes,1,GẠCH 30X60\Bộ Mars  400x800mm & 300x600 (16 mẫu)\300x600\MF36Y05F_300x600.jpg,
521,MF36Y06C,Gạch 300X600 Giả Thẻ Xanh Lá Hiệu Ứng,Innomat,https://sbphnbtbetilifomsysa.supabase.co/storage/v1/object/public/crm-images/crm/b5ab92a38be78c933a248febb8bc9e54a15091b403b0ed9c69ac78f2740472ba.webp,2,yes,2,GẠCH 30X60\Bộ Mars  400x800mm & 300x600 (16 mẫu)\300x600\MF36Y06C_300x600.jpg || GẠCH 30X60\Bộ Mars  400x800mm & 300x600 (16 mẫu)\300x600\Ghep Dai _ Vuong\MF36Y06C-F.jpg,
522,MF36Y06F,Gạch 300X600 Giả Thẻ Xanh Lá Vuông Hiệu Ứng,Innomat,https://sbphnbtbetilifomsysa.supabase.co/storage/v1/object/public/crm-images/crm/f57d35c092959fede749a132594c1b4a232e92d5f2ef614c902763f614ba74de.webp,1,yes,1,GẠCH 30X60\Bộ Mars  400x800mm & 300x600 (16 mẫu)\300x600\MF36Y06F_300x600.jpg,
523,MF36Y07C,Gạch 300X600 Giả Thẻ Xám Hiệu Ứng,Innomat,https://sbphnbtbetilifomsysa.supabase.co/storage/v1/object/public/crm-images/crm/774df33ab829feca80b86df551e1dcc810f231859208645b2c4f3f6d0157296e.webp,2,yes,2,GẠCH 30X60\Bộ Mars  400x800mm & 300x600 (16 mẫu)\300x600\MF36Y07C_400x800.jpg || GẠCH 30X60\Bộ Mars  400x800mm & 300x600 (16 mẫu)\300x600\Ghep Dai _ Vuong\MF36Y07C-F.jpg,
524,MF36Y07F,Gạch 300X600 Giả Thẻ Xám Vuông Hiệu Ứng,Innomat,https://sbphnbtbetilifomsysa.supabase.co/storage/v1/object/public/crm-images/crm/6de6cddafe235ef1bf12cfcf797b16bce5b5ac48930ad174e792d2d5d4186d1e.webp,1,yes,1,GẠCH 30X60\Bộ Mars  400x800mm & 300x600 (16 mẫu)\300x600\MF36Y07F_300x600.jpg,
541,N12X02,Gạch 300X600 Giả Thẻ Xám Nhạt Mix,Innomat,https://sbphnbtbetilifomsysa.supabase.co/storage/v1/object/public/crm-images/crm/8d244ce07012415e01099ca5e688d73b6fff6b82dce277176fa8c7345bf04aa9.webp,3,no,0,,
540,N12X06,Gạch 300X600 Giả Thẻ Xanh Táo Mix,Innomat,https://sbphnbtbetilifomsysa.supabase.co/storage/v1/object/public/crm-images/crm/bc7c68404bf9210915f63a0e35684b6c9a7bcd7b05426a21dc64b18220f85fdc.webp,3,no,0,,
535,N12X09,Gạch 300X600 Giả Thẻ Cam Nhạt Mix,Innomat,https://sbphnbtbetilifomsysa.supabase.co/storage/v1/object/public/crm-images/crm/2065cdbaf81c2a812ffa263a9496bde5a11164c3d00e292848f41b7784e8bf96.webp,3,no,0,,
536,N12X09A,Gạch 300X600 Giả Thẻ Cam Mix,Innomat,https://sbphnbtbetilifomsysa.supabase.co/storage/v1/object/public/crm-images/crm/878b286f7f41ae1d9d906518091e152515312c09a8219a8816d7f3b587d89af4.webp,3,yes,1,GẠCH 30X60\BỘ CERAMIC 300X600 (12 MÀU)\N12X09A.jpg,
537,N12X10B,Gạch 300X600 Giả Thẻ Cam Đất Mix,Innomat,https://sbphnbtbetilifomsysa.supabase.co/storage/v1/object/public/crm-images/crm/cebd63ca166773ea2486bd546c78df0995d74321d1ec1e89aee0b2fdeede41b2.webp,2,no,0,,
539,N12X16,Gạch 300X600 Giả Thẻ Hồng Nhạt Mix,Innomat,https://sbphnbtbetilifomsysa.supabase.co/storage/v1/object/public/crm-images/crm/91679c398740683ac28ecbec7748363301ef4d6960f88f8f1d230fa061a740ed.webp,3,no,0,,
545,N9300-7H,Gạch 300X600 Lông Vũ Trắng,Innomat,https://sbphnbtbetilifomsysa.supabase.co/storage/v1/object/public/crm-images/crm/8656af6cef32d421ab20ebb2e8f83cdec11813ff402c4cbbbb630da412bbb4e6.webp,5,yes,4,GẠCH 30X60\Innomat chụp 2024\N9300-7H khác.JPG || GẠCH 30X60\Innomat chụp 2024\N9300-7H nghiêng.JPG || GẠCH 30X60\Innomat chụp 2024\N9300-7H.JPG || GẠCH 30X60\BỘ CERAMIC 300X600 LÔNG VŨ (4 màu)\N9300-7H.jpg,
543,N9306-0H,Gạch 300X600 Xanh Mint Họa Tiết Lông Vũ,Innomat,https://sbphnbtbetilifomsysa.supabase.co/storage/v1/object/public/crm-images/crm/657dcd4c35d783d52d70be016044841684866451f1d0dbf7a8e186716adfe6d2.webp,2,yes,1,GẠCH 30X60\BỘ CERAMIC 300X600 LÔNG VŨ (4 màu)\N9306-0H.jpg,
546,N9312-0H,Gạch 300X600 Xanh Lá Họa Tiết Lông Vũ,Innomat,https://sbphnbtbetilifomsysa.supabase.co/storage/v1/object/public/crm-images/crm/8511c4e79d42101926f6b3e1ef54616db561fc9daaf6ccf04d7bc7385e6e0950.webp,2,yes,1,GẠCH 30X60\BỘ CERAMIC 300X600 LÔNG VŨ (4 màu)\N9312-0H.jpg,
544,N9316-0H,Gạch 300X600 Hồng Nhạt Họa Tiết Lông Vũ,Innomat,https://sbphnbtbetilifomsysa.supabase.co/storage/v1/object/public/crm-images/crm/8bff1d2757e6c845f9e092f0db3106f7ef9630e08770fc99591ff061aa99e4bb.webp,5,yes,4,GẠCH 30X60\Innomat chụp 2024\N9316-0H khác.JPG || GẠCH 30X60\Innomat chụp 2024\N9316-0H nghiêng.JPG || GẠCH 30X60\Innomat chụp 2024\N9316-0H.JPG || GẠCH 30X60\BỘ CERAMIC 300X600 LÔNG VŨ (4 màu)\N9316-0H.jpg,
548,NHC802-5,Gạch 300X600 Xám Loang,Innomat,https://sbphnbtbetilifomsysa.supabase.co/storage/v1/object/public/crm-images/crm/c753701aac8c553918d1ee908b3cce5298eea61d5e252e759b87e6b9791b8dcf.webp,1,no,0,,
551,NHC804,Gạch 300X600 Xanh Biển Loang,Innomat,https://sbphnbtbetilifomsysa.supabase.co/storage/v1/object/public/crm-images/crm/6a863103c8d294f1cfa325829ae6aa2237710b3b600321c2dac6847625ef86a0.webp,1,no,0,,
552,NHC806-1,Gạch 300X600 Giả Thẻ Xanh Mint Loang Bóng,Innomat,https://sbphnbtbetilifomsysa.supabase.co/storage/v1/object/public/crm-images/crm/83ebca50e0dac362d7561909fb126281e7c57557070fe759a686b12b321cacee.webp,1,no,0,,
554,NHC806B,Gạch 300X600 Giả Thẻ Xanh Táo Loang Bóng,Innomat,https://sbphnbtbetilifomsysa.supabase.co/storage/v1/object/public/crm-images/crm/81091347eebfec8f78ac1395797c3487f3b1293daaac4fe59f56758841575548.webp,1,yes,1,GẠCH 30X60\BỘ CERAMIC 300X600 LOANG (12 MÀU)\NHC 806B.jpg,
553,NHC806D,Gạch 300X600 Giả Thẻ Xanh Rêu Loang Bóng,Innomat,https://sbphnbtbetilifomsysa.supabase.co/storage/v1/object/public/crm-images/crm/0cc4c1d9e4d5384f0c6406397c36bdb58525e8af6cd064e45e2e39e3246cb59b.webp,1,yes,1,GẠCH 30X60\BỘ CERAMIC 300X600 LOANG (12 MÀU)\NHC 806D.jpg,
550,NHC809,Gạch 300X600 Cam Loang,Innomat,https://sbphnbtbetilifomsysa.supabase.co/storage/v1/object/public/crm-images/crm/cf86c90643880e50eebc1fda37f262b45db19439a14b3f3e87790d7ceb886218.webp,1,no,0,,
555,NHC812,Gạch 300X600 Giả Thẻ Xanh Lá Loang,Innomat,https://sbphnbtbetilifomsysa.supabase.co/storage/v1/object/public/crm-images/crm/87c1becc0c851c2fde86f52bd1f1dfc26fd93071582e6379fe3045aaf5232e97.webp,1,no,0,,
549,NHC816,Gạch 300X600 Hồng Loang,Innomat,https://sbphnbtbetilifomsysa.supabase.co/storage/v1/object/public/crm-images/crm/444972358ec4f044816bce16aabaa98f683998d3f3aac4688e54faff5c719071.webp,1,no,0,,
556,NHC822,Gạch 300X600 Xanh Lá Loang,Innomat,https://sbphnbtbetilifomsysa.supabase.co/storage/v1/object/public/crm-images/crm/18d31afb5146d2b940499816b94f4980ad86f935c46122296ecfb7317a95c80f.webp,1,no,0,,
557,NHC862,Gạch 300X600 Giả Thẻ Xanh Mint Loang Bóng,Innomat,https://sbphnbtbetilifomsysa.supabase.co/storage/v1/object/public/crm-images/crm/55f2f6c562cfbbfeeb1856d71298381bc2c5f4fe078a70b77050e9a201a799a8.webp,1,yes,1,GẠCH 30X60\BỘ CERAMIC 300X600 LOANG (12 MÀU)\NHC 862.jpg,
532,Y18215,Gạch 300X600 Giả Thẻ Hồng Mờ,Innomat,https://sbphnbtbetilifomsysa.supabase.co/storage/v1/object/public/crm-images/crm/af1a5f59937ddf0ee0cd132d74cfb505486b027e7673f8ce3ade304789917509.webp,3,yes,1,GẠCH 30X60\BỘ CERAMIC 300X600 (12 MÀU)\Y18215.jpg,
538,Y18802,Gạch 300X600 Giả Thẻ Trắng Mờ,Innomat,https://sbphnbtbetilifomsysa.supabase.co/storage/v1/object/public/crm-images/crm/0348ac4563ff50aee980c3b314247b89205b317110d5125c61bc7e2c408c2f53.webp,4,yes,1,GẠCH 30X60\BỘ CERAMIC 300X600 (12 MÀU)\Y18802.jpg,
534,Y6861DB,Gạch 300X600 Giả Thẻ Xám Mờ,Innomat,https://sbphnbtbetilifomsysa.supabase.co/storage/v1/object/public/crm-images/crm/ba70ac628db9c93d7af82e69f80f09a3c9c4b3cfe82f1a6baf91eb5ad938a43f.webp,4,yes,2,GẠCH 30X60\BỘ CERAMIC 300X600 (12 MÀU)\33103_phong_mau_gach_op_tuong_y6861db.jpg || GẠCH 30X60\BỘ CERAMIC 300X600 (12 MÀU)\Y6861DB.jpg,
533,Y6861ML,Gạch 300X600 Giả Thẻ Xanh Lá Mờ,Innomat,https://sbphnbtbetilifomsysa.supabase.co/storage/v1/object/public/crm-images/crm/e60afeec80f3d7da24d0dd49ade972615bd44da63aa9d51ecc77f15694ef48e8.webp,3,yes,2,GẠCH 30X60\MAP\Y6861ML.png || GẠCH 30X60\BỘ CERAMIC 300X600 (12 MÀU)\Y6861ML.jpg,
