code,name,supplier
6861LV,Gạch 300X600 Giả Thẻ Xanh Mint Mờ,Innomat
IC61203,Gạch 600x1200mm Mờ,Á Châu
IC61204,Gạch 600x1200mm Mờ,Á Châu
IC61215,Gạch 600x1200mm Mờ,Á Châu
IC61216,Gạch 600x1200mm Mờ,Á Châu
IC61217,Gạch 600x1200mm Mờ,Á Châu
IC61219,Gạch 600x1200mm Mờ,Á Châu
IC61225,Gạch 600x1200mm Mờ,Á Châu
IC6613,Gạch 600x600mm Mờ,Á Châu
IC6617,Gạch 600x600mm Bán bóng,Á Châu
IC6622,Gạch 600x600mm Mờ,Á Châu
IC6623,Gạch 600x600mm Bán bóng,Á Châu
IC6624,Gạch 600x600mm Bán bóng,Á Châu
IC6625,Gạch 600x600mm Mờ,Á Châu
IC6626,Gạch 600x600mm Mờ,Á Châu
IC6627,Gạch 600x600mm Mờ,Á Châu
IC6628,Gạch 600x600mm Mờ,Á Châu
IC6629,Gạch 600x600mm Mờ,Á Châu
IH61210,Gạch 600x1200mm Mờ nhám,Hiệp Thủy
IH61212,Gạch 600x1200mm Mờ nhám,Hiệp Thủy
IH61213,Gạch 600x1200mm Mờ,Hiệp Thủy
IH61214,Gạch 600x1200mm Mờ,Hiệp Thủy
IH61215,Gạch 600x1200mm Mờ,Hiệp Thủy
IH6603,Gạch 600x600mm Mờ nhám,Hiệp Thủy
IH6620,Gạch 600x600mm Mờ,Hiệp Thủy
IK61201,Gạch 600x1200mm Mờ,Kiệt Anh
IK61205,Gạch 600x600mm Mờ,Kiệt Anh
IPK6610,Gạch 600x600mm Mờ,Phổ An
IPK6611,Gạch 600x600mm Mờ,Phổ An
IPK6612,Gạch 600x600mm Mờ,Phổ An
IPK6613,Gạch 600x600mm Mờ,Phổ An
IPK6614,Gạch 600x600mm Mờ,Phổ An
IPK6615,Gạch 600x600mm Mờ,Phổ An
IW61201,Gạch 600x1200mm Mờ,DCL
IW61202,Gạch 600x1200mm Mờ,DCL
IW61203,Gạch 600x1200mm Mờ,DCL
IW61204,Gạch 600x1200mm Mờ,DCL
IW61205,Gạch 600x1200mm Mờ,DCL
IW61206,Gạch 600x1200mm Mờ,DCL
IW61207,Gạch 600x1200mm Mờ,DCL
IW61208,Gạch 600x1200mm Mờ,DCL
IW61209,Gạch 600x1200mm Mờ,DCL
IW61210,Gạch 600x1200mm Mờ,DCL
IW6601,Gạch 600x600mm Mờ,DCL
IW6602,Gạch 600x600mm Mờ,DCL
IW6603,Gạch 600x600mm Mờ,DCL
IW6604,Gạch 600x600mm Mờ,DCL
IW6605,Gạch 600x600mm Mờ,DCL
IW6606,Gạch 600x600mm Mờ,DCL
IW6607,Gạch 600x600mm Mờ,DCL
IW6608,Gạch 600x600mm Mờ,DCL
IW6609,Gạch 600x600mm Mờ,DCL
IW6610,Gạch 600x600mm Mờ,DCL
IZA15901,Gạch 150x900mm Mờ,Kim Hương
IZA15902,Gạch 150x900mm Mờ,Kim Hương
IZA15903,Gạch 150x900mm Mờ,Kim Hương
IZA15904,Gạch 150x900mm Mờ,Kim Hương
IZA15905,Gạch 150x900mm Mờ,Kim Hương
IZA15906,Gạch 150x900mm Mờ,Kim Hương
IZA15907,Gạch 150x900mm Mờ,Kim Hương
IZA15908,Gạch 150x900mm Mờ,Kim Hương
IZA15909,Gạch 150x900mm Mờ,Kim Hương
IZA15910,Gạch 150x900mm Mờ,Kim Hương
IZA15911,Gạch 150x900mm Mờ,Kim Hương
NHC802-5,Gạch 300X600 Xám Loang,Innomat
NHC806-1,Gạch 300X600 Giả Thẻ Xanh Mint Loang Bóng,Innomat
